"decimalLongitude","decimalLatitude"
-115.08365,41.02698
-103.92583,42.76639
-103.91472,42.74333
-103.91472,42.74333
-103.91472,42.74333
-103.91472,42.74333
-103.91472,42.74333
-103.91472,42.74333
-103.91472,42.74333
-103.91472,42.74333
-103.91472,42.74333
-103.91472,42.74333
-103.91472,42.74333
-103.82278,42.75806
-103.82278,42.75806
-103.82278,42.75806
-103.82278,42.75806
-103.82278,42.75806
-103.82278,42.75806
-103.82278,42.75806
-103.82278,42.75806
-103.82278,42.75806
-103.82278,42.75806
-103.82278,42.75806
-103.82278,42.75806
-103.82278,42.75806
-103.82278,42.75806
-103.82278,42.75806
-103.82278,42.75806
-103.82278,42.75806
-103.82278,42.75806
-103.82278,42.75806
-103.82278,42.75806
-103.82278,42.75806
-103.82278,42.75806
-103.82278,42.75806
-103.82278,42.75806
-103.82278,42.75806
-103.82278,42.75806
-103.82278,42.75806
-103.82278,42.75806
-103.82278,42.75806
-103.82278,42.75806
-103.82278,42.75806
-103.82278,42.75806
-103.82278,42.75806
-103.82278,42.75806
-103.51056,42.68444
-103.51056,42.68444
-103.51056,42.68444
-103.51056,42.68444
-103.51056,42.68444
-103.51056,42.68444
-103.51056,42.68444
-103.51056,42.68444
-103.51056,42.68444
-103.51056,42.68444
-108.83656,42.73656
-106.41233,41.32207
-106.18425,41.34644
-106.18425,41.34644
-106.18425,41.34644
-106.18425,41.34644
-106.18425,41.34644
-106.18425,41.34644
-106.18425,41.34644
-117.5133,47.6231
-117.5133,47.6231
-117.5133,47.6231
-117.5133,47.6231
-117.5133,47.6231
-117.5133,47.6231
-117.5133,47.6231
-117.5133,47.6231
-117.5133,47.6231
-117.5133,47.6231
-117.5133,47.6231
-117.5133,47.6231
-119.8395,48.6555
-119.9345,48.6886
-111.8878,41.2485
-111.8878,41.2485
-111.9047,41.1513
-111.8978,41.2426
-113,37
-113,37
-111.555,40.6065
-111.7094,40.3247
-111.68,40.34
-111.68,40.34
-112,40
-111.6503,40.2458
-111.0527,39.8938
-111.0527,39.8938
-111.0527,39.8938
-111.0527,39.8938
-111.69096,40.29882
-111.7502,40.4548
-111.61,40.41
-112.5503,40.3458
-112.5503,40.3458
-111.496,40.6619
-111.5845,40.8242
-111.55828,40.68598
-111.55828,40.68598
-111.55828,40.68598
-111.55828,40.68598
-111.55828,40.68598
-111.2802,40.6444
-111.81,40.57
-111.7819,40.5729
-111.64,40.58
-111.7826,40.6715
-112.077,40.48
-111.65,40.68
-111.8321,40.5692
-111.776,40.6902
-111.6906,41.0097
-111.4014,41.1856
-111.7064,41.034
-112.66,37.07
-112.66,37.07
-111,37
-111,37
-111,37
-113,38
-111,37
-111,37
-111.7284,39.7841
-113.027,37.6383
-111.65,37.97611
-110.7794,38.0992
-110.7794,38.0992
-111.58138,37.97083
-112,38
-112,38
-112,38
-112,38
-112,38
-112,38
-112,38
-112,38
-111.7861,38.0886
-111.7861,38.0886
-111.7861,38.0886
-111.7861,38.0886
-111.55555,37.96722
-111.55555,37.96722
-111.7241,37.9737
-111.3302,38.0368
-111.3302,38.0368
-111.3302,38.0368
-111.3302,38.0368
-111.3302,38.0368
-111.3302,38.0368
-111.3302,38.0368
-111.3833,36.0167
-111.3833,36.0167
-111.3833,36.0167
-111.3833,36.0167
-111.377,38.01
-111,38
-112,38
-112,38
-112,38
-112,38
-112,38
-112,38
-112,38
-112,38
-112,38
-112,38
-112,38
-112,38
-112,38
-112,38
-112,38
-112,38
-112,38
-112,38
-112,38
-112,38
-112,38
-112,38
-112,38
-112,38
-112,38
-112,38
-112,38
-112,38
-112,38
-112,38
-112,38
-112,38
-112,38
-112,38
-112,38
-111,38
-111,38
-111,38
-111,38
-111,38
-112,38
-112,38
-112,38
-112,38
-112,38
-112,38
-112,38
-112,38
-112,38
-112,38
-112,38
-112,38
-112,38
-112,38
-112,38
-112,38
-112,38
-112,38
-112,38
-112,38
-112,38
-112,38
-112,38
-112,38
-112,38
-111,38
-111,38
-111,38
-111,38
-111,38
-112,38
-112,38
-112,38
-112,38
-112,38
-112,38
-112,38
-112,38
-112,38
-112,38
-112,38
-112,38
-112,38
-112,38
-112,38
-112,38
-112,38
-112,38
-112,38
-112,38
-112,38
-112,38
-112,38
-112,38
-112,38
-112,38
-112,38
-112,38
-112,38
-112,38
-112,38
-112,38
-112,38
-112,38
-112,38
-112,38
-112,38
-112,38
-112,38
-112,38
-112,38
-112,38
-112,38
-111,38
-112,38
-112,38
-112,38
-112,38
-112,38
-112,38
-111.9174,41.1107
-109.9965,40.8429
-109.9965,40.8429
-109.9965,40.8429
-109.9965,40.8429
-111.81168,41.75778
-111.81168,41.75778
-111.81168,41.75778
-111.81168,41.75778
-111.64246,41.89436
-111.64246,41.89436
-111.64246,41.89436
-113.40052,41.90004
-113.34954,41.94909
-113.34954,41.94909
-113.34954,41.94909
-113.34954,41.94909
-113.34954,41.94909
-113.34954,41.94909
-113.34954,41.94909
-113.34954,41.94909
-113.34954,41.94909
-113.34954,41.94909
-113.34954,41.94909
-113.34954,41.94909
-113.34954,41.94909
-113.34954,41.94909
-113.34954,41.94909
-113.34954,41.94909
-113.34954,41.94909
-113.34954,41.94909
-113.34954,41.94909
-113.34954,41.94909
-113.34954,41.94909
-113.34954,41.94909
-113.34954,41.94909
-113.34954,41.94909
-113.34954,41.94909
-113.34954,41.94909
-113.34954,41.94909
-113.44881,41.96012
-103.8411,44.0276
-103.8248,44.1497
-103.5605,43.7072
-103.6609,43.8699
-118.06286,45.15691
-118.06286,45.15691
-118.06301,45.15706
-118.06301,45.15706
-118.06301,45.15706
-118.06301,45.15706
-117.57153,45.01301
-123.33,44.81181
-123.33,44.81181
-123.33,44.81181
-123.51,42.11
-123.18,43.96
-120.349,42.1836
-120.349,42.1836
-120.349,42.1836
-120.349,42.1836
-120.349,42.1836
-122.21477,42.38925
-122.21477,42.38925
-122.21477,42.38925
-122.21477,42.38925
-122.21477,42.38925
-122.21477,42.38925
-122.21477,42.38925
-122.21477,42.38925
-122.21477,42.38925
-122.21477,42.38925
-122.21477,42.38925
-122.21477,42.38925
-122.30127,42.90313
-122.73063,42.08349
-122.6074,42.27179
-119.31429,44.38357
-119.29968,44.34654
-117.57936,45.00649
-108.8584,33.6931
-115.47797,41.79013
-115.44721,40.66422
-115.44721,40.66422
-111,44
-114.24847,46.06763
-110.56695,45.31757
-114.52659,46.70816
-111.259,44.7438
-111.259,44.7438
-111.259,44.7438
-111.259,44.7438
-111.259,44.7438
-111.259,44.7438
-111.259,44.7438
-111.259,44.7438
-111.26383,44.75118
-111.26383,44.75118
-111.26383,44.75118
-113.98406,48.30446
-113.98406,48.30446
-113.98406,48.30446
-113.98406,48.30446
-113.98406,48.30446
-113.98406,48.30446
-115.01229,48.02376
-110.67823,46.85804
-110.67823,46.85804
-116.07214,44.90815
-113.6523,42.2043
-113.6573,42.2158
-116.27901,48.85286
-116.70358,48.29945
-116.18861,44.98977
-106.1513,39.7184
-107.2667,39.1333
-107.2667,39.1333
-105.48759,40.39179
-105.48759,40.39179
-105.48759,40.39179
-105.48759,40.39179
-105.48759,40.39179
-106.9599,38.9186
-106.9599,38.9186
-106.9599,38.9186
-106.9599,38.9186
-106.9599,38.9186
-106.9599,38.9186
-106.9599,38.9186
-106.9599,38.9186
-106.9599,38.9186
-106.9599,38.9186
-106.9599,38.9186
-106.9599,38.9186
-106.9599,38.9186
-106.9599,38.9186
-106.9599,38.9186
-106.9599,38.9186
-106.9599,38.9186
-106.9599,38.9186
-106.9599,38.9186
-106.9599,38.9186
-106.9599,38.9186
-106.9599,38.9186
-106.9599,38.9186
-106.9599,38.9186
-106.9951,38.8908
-106.9951,38.8908
-106.9951,38.8908
-106.9951,38.8908
-106.9951,38.8908
-106.9951,38.8908
-106.9951,38.8908
-106.9951,38.8908
-106.9951,38.8908
-106.9951,38.8908
-106.9951,38.8908
-106.9951,38.8908
-106.9951,38.8908
-106.9951,38.8908
-106.9951,38.8908
-106.9951,38.8908
-106.9951,38.8908
-106.9951,38.8908
-106.9951,38.8908
-106.9951,38.8908
-106.9951,38.8908
-106.9951,38.8908
-106.9951,38.8908
-106.9951,38.8908
-106.9951,38.8908
-106.9951,38.8908
-106.9951,38.8908
-106.9951,38.8908
-107.4761,38.32304
-106.45,40.25
-105.98926,38.83969
-105.98926,38.83969
-105.98926,38.83969
-105.98926,38.83969
-105.98926,38.83969
-105.98926,38.83969
-105.98926,38.83969
-105.98926,38.83969
-105.98926,38.83969
-105.98926,38.83969
-105.98926,38.83969
-105.98926,38.83969
-105.98926,38.83969
-105.98926,38.83969
-105.98926,38.83969
-105.98926,38.83969
-105.5595,39.94036
-121.03238,40.01786
-120.02362,38.87543
-112,35
-112,35
-150.1097,67.4081
-149.7271,65.8809
-149.7271,65.8809
-149.7271,65.8809
-149.7271,65.8809
-149.7271,65.8809
-149.7271,65.8809
-149.7271,65.8809
-149.7271,65.8809
-149.7271,65.8809
-149.7271,65.8809
-149.7271,65.8809
-149.7271,65.8809
-149.7271,65.8809
-149.7271,65.8809
-149.7271,65.8809
-149.7271,65.8809
-149.7271,65.8809
-149.7271,65.8809
-149.7271,65.8809
-149.7271,65.8809
-149.7271,65.8809
-149.7271,65.8809
-149.7271,65.8809
-149.7271,65.8809
-149.7271,65.8809
-149.7271,65.8809
-149.7271,65.8809
-149.7271,65.8809
-149.7271,65.8809
-149.7271,65.8809
-149.7271,65.8809
-149.7271,65.8809
-149.7271,65.8809
-149.7271,65.8809
-149.7271,65.8809
-149.7271,65.8809
-149.7271,65.8809
-149.7271,65.8809
-149.7271,65.8809
-149.7271,65.8809
-149.7271,65.8809
-149.7271,65.8809
-150.6728,66.7106
-150.6728,66.7106
-150.6728,66.7106
-150.6728,66.7106
-150.6728,66.7106
-150.6728,66.7106
-150.6728,66.7106
-150.6728,66.7106
-150.6728,66.7106
-150.6728,66.7106
-150.6728,66.7106
-150.6728,66.7106
-150.6728,66.7106
-150.6728,66.7106
-150.6728,66.7106
-150.6728,66.7106
-150.6728,66.7106
-150.6728,66.7106
-150.6728,66.7106
-150.6728,66.7106
-150.6728,66.7106
-150.6728,66.7106
-150.6728,66.7106
-150.6728,66.7106
-150.6728,66.7106
-150.6728,66.7106
-150.6728,66.7106
-150.6728,66.7106
-150.6728,66.7106
-150.6728,66.7106
-150.6728,66.7106
-150.6728,66.7106
-150.6728,66.7106
-150.6728,66.7106
-150.6728,66.7106
-150.6728,66.7106
-150.6728,66.7106
-150.6728,66.7106
-150.6728,66.7106
-150.6728,66.7106
-150.6728,66.7106
-150.6728,66.7106
-150.6728,66.7106
-150.6728,66.7106
-150.6728,66.7106
-150.6728,66.7106
-150.6728,66.7106
-150.6728,66.7106
-150.6728,66.7106
-150.6728,66.7106
-150.6728,66.7106
-150.6728,66.7106
-150.32826,67.0525
-150.32826,67.0525
-150.32826,67.0525
-149.4656,65.81857
-149.4656,65.81857
-149.4656,65.81857
-149.4656,65.81857
-149.4656,65.81857
-149.4656,65.81857
-149.4656,65.81857
-149.4656,65.81857
-149.4656,65.81857
-149.4656,65.81857
-149.4656,65.81857
-149.4656,65.81857
-149.4656,65.81857
-149.4656,65.81857
-149.4656,65.81857
-149.4656,65.81857
-149.4656,65.81857
-149.4656,65.81857
-149.4656,65.81857
-149.4656,65.81857
-149.4656,65.81857
-149.4656,65.81857
-149.4656,65.81857
-149.4656,65.81857
-149.4656,65.81857
-149.4656,65.81857
-149.4656,65.81857
-149.4656,65.81857
-149.4656,65.81857
-149.4656,65.81857
-149.4656,65.81857
-149.4656,65.81857
-149.4656,65.81857
-149.4656,65.81857
-149.4656,65.81857
-149.4656,65.81857
-149.4656,65.81857
-149.4656,65.81857
-149.4656,65.81857
-149.4656,65.81857
-149.4656,65.81857
-149.4656,65.81857
-149.4656,65.81857
-149.4656,65.81857
-149.4656,65.81857
-149.4656,65.81857
-149.4656,65.81857
-149.4656,65.81857
-149.4656,65.81857
-149.4656,65.81857
-149.4656,65.81857
-148.2874,65.3463
-148.2874,65.3463
-148.2874,65.3463
-145.51469,62.52588
-145.51469,62.52588
-145.51469,62.52588
-145.51469,62.52588
-145.51469,62.52588
-145.51469,62.52588
-145.51469,62.52588
-145.51469,62.52588
-145.51469,62.52588
-145.51469,62.52588
-145.51469,62.52588
-145.51469,62.52588
-145.51469,62.52588
-145.51469,62.52588
-145.51469,62.52588
-145.51469,62.52588
-145.51469,62.52588
-145.51469,62.52588
-145.51469,62.52588
-145.51469,62.52588
-145.51469,62.52588
-145.51469,62.52588
-145.51469,62.52588
-145.51469,62.52588
-145.51469,62.52588
-145.51469,62.52588
-145.2288,61.3871
-145.2288,61.3871
-145.2288,61.3871
-145.2288,61.3871
-145.2288,61.3871
-145.2288,61.3871
-145.2288,61.3871
-145.2288,61.3871
-145.2288,61.3871
-145.2288,61.3871
-145.2288,61.3871
-145.2288,61.3871
-145.3575,63.9331
-145.3575,63.9331
-145.3575,63.9331
-145.5381,63.9321
-149.4926,68.5484
-149.4101,63.1504
-149.4101,63.1504
-149.2495,61.5686
-149.2479,61.4868
-149.2479,61.4868
-149.2479,61.4868
-149.2479,61.4868
-149.2479,61.4868
-147.8511,64.8511
-147.8511,64.8511
-147.8511,64.8511
-147.8177,64.8585
-147.8177,64.8585
-147.8177,64.8585
-147.8177,64.8585
-147.8177,64.8585
-148.0774,65.1772
-148.0774,65.1772
-148.0774,65.1772
-148.0774,65.1772
-148.0774,65.1772
-148.0774,65.1772
-146.8648,64.6401
-146.8648,64.6401
-146.8648,64.6401
-146.8648,64.6401
-146.8648,64.6401
-146.8648,64.6401
-146.8648,64.6401
-146.8648,64.6401
-146.8648,64.6401
-146.8648,64.6401
-146.8648,64.6401
-146.8648,64.6401
-146.8648,64.6401
-146.8648,64.6401
-146.8648,64.6401
-146.8648,64.6401
-146.8648,64.6401
-146.8648,64.6401
-146.8648,64.6401
-146.8648,64.6401
-146.8648,64.6401
-146.8648,64.6401
-146.8648,64.6401
-146.8648,64.6401
-146.8648,64.6401
-146.8648,64.6401
-146.8648,64.6401
-146.8648,64.6401
-146.8648,64.6401
-146.8648,64.6401
-146.8648,64.6401
-146.8648,64.6401
-146.8648,64.6401
-146.8648,64.6401
-146.8648,64.6401
-146.8648,64.6401
-146.8648,64.6401
-146.8648,64.6401
-146.8648,64.6401
-146.8648,64.6401
-146.8648,64.6401
-146.8648,64.6401
-146.8648,64.6401
-146.8648,64.6401
-148.1078,65.2109
-148.1078,65.2109
-148.1078,65.2109
-148.1078,65.2109
-148.1078,65.2109
-148.1078,65.2109
-148.1078,65.2109
-148.1078,65.2109
-148.0858,64.7467
-148.0858,64.7467
-148.0858,64.7467
-148.0858,64.7467
-147.8546,64.8557
-149.1116,60.9584
-149.1116,60.9584
-149.1116,60.9584
-149.1116,60.9584
-149.882,61.2145
-149.882,61.2145
-134.70224,60.17126
-114.014278,46.848521
-119.645875,49.511592
-124.101551,49.251879
-119.645405,49.512721
-120.508487,49.445924
-104.962233,39.731153
-113.388022,51.035256
-105.023577,40.547503
-105.249865,39.73399
-110.103692,49.666633
-117.155431,46.732644
-105.280975,40.419937
-123.404169,48.445936
-119.276795,50.456317
-115.051816,48.855623
-118.890411,44.099946
-117.43216,47.648092
-113.387987,51.0353
-120.508736,49.445817
-105.085092,40.562237
-105.083471,40.57375
-112.02945,46.59173
-123.415677,48.496694
-117.516325,47.391819
-117.516653,47.391742
-116.146679,44.938274
-105.024852,40.572426
-105.02358,40.547472
-105.083471,40.57375
-128.633771,54.524721
-117.419273,47.723744
-113.388078,51.035236
-107.649537,37.784148
-107.926212,40.107446
-107.020807,38.905577
-107.472017,38.001594
-107.38484,38.021165
-107.472017,38.001594
-107.472017,38.001594
-124.97875,49.676435
-117.095217,47.340375
-114.248569,52.608073
-104.838212,39.636803
-123.901,49.06
-123.647901,48.626677
-109.826524,46.43812
-125.071647,49.747322
-113.905697,49.061811
-123.912,49.13
-123.405725,48.536056
-124.941713,49.676774
-105.085335,40.573722
-123.968504,49.157226
-122.154083,44.796147
-120.281725,48.46996
-123.406463,48.47858
-123.901,49.06
-123.354072,48.407408
-106.053114,39.571244
-114.079044,52.318358
-112.887947,49.670788
-117.551075,47.422433
-112.88793,49.670833
-116.743581,46.740761
-112.887901,49.670774
-112.887901,49.670774
-106.761095,49.75505
-113.262631,51.709
-120.815603,47.479525
-123.055189,48.050986
-112.887925,49.670842
-114.865845,47.603375
-112.887901,49.670774
-117.165,46.724
-117.1645,46.7222
-123.539924,48.456536
-123.539924,48.456536
-123.53975,48.456546
-109.702914,47.032381
-123.721687,48.443161
-123.375907,48.465581
-117.161873,46.72901
-105.086043,40.567936
-123.307004,48.462133
-123.501069,48.53749
-117.017293,46.715186
-116.914024,48.183801
-123.577206,48.426559
-117.040045,47.268765
-117.238425,49.549718
-116.970664,50.206183
-117.659492,49.330872
-106.760995,49.755172
-106.761733,49.754805
-123.556408,48.478533
-109.012992,44.349737
-128.605208,54.099097
-112.8223,49.7373
-122.276481,46.91487
-120.48294,49.613057
-105.366763,40.687118
-149.6144,60.1908
-111.4699,39.3189
-121.30587,46.854112
-109.057,49.4105
-108.82816,49.52235
-106.382,49.31682
-109.492,49.642
-106.382,49.31682
-106.382,49.31682
-109.492,49.642
-106.382,49.31682
-109.49886,49.64678
-106.382,49.31682
-106.382,49.31682
-109.49886,49.64678
-109.49886,49.64678
-106.382,49.31682
-106.382,49.31682
-109.0555,49.4094
-106.8825,49.3198
-109.4973,49.6477
-109.0555,49.4094
-109.0555,49.4094
-105.9895,49.6338
-106.8825,49.3198
-109.4973,49.6477
-109.4973,49.6477
-109.1797,49.2254
-106.8825,49.3198
-106.8825,49.3198
-106.8825,49.3198
-106.8825,49.3198
-109.548,49.6616
-109.1797,49.2254
-109.1797,49.2254
-109.5495,49.6801
-107.9759,50.6573
-108.8289,49.5229
-109.1797,49.2254
-109.1797,49.2254
-107.9759,50.6573
-108.8289,49.5229
-109.1797,49.2254
-109.1797,49.2254
-109.1797,49.2254
-109.1797,49.2254
-109.5495,49.6801
-108.8289,49.5229
-107.9759,50.6573
-109.1797,49.2254
-109.1797,49.2254
-108.8289,49.5229
-109.1797,49.2254
-109.1797,49.2254
-109.1797,49.2254
-109.5495,49.6801
-108.8289,49.5229
-108.8289,49.5229
-109.4973,49.6477
-109.4973,49.6477
-109.4973,49.6477
-109.4973,49.6477
-109.4973,49.6477
-109.4973,49.6477
-109.4973,49.6477
-109.4973,49.6477
-109.4973,49.6477
-109.4973,49.6477
-109.4973,49.6477
-109.4973,49.6477
-109.4973,49.6477
-109.4973,49.6477
-109.4973,49.6477
-109.4973,49.6477
-109.4973,49.6477
-109.4973,49.6477
-109.1799,49.2255
-109.4999,49.6631
-109.4973,49.6477
-109.500443,49.64618
-107.7874,50.2864
-107.9759,50.6573
-107.9759,50.6573
-109.4973,49.6477
-109.4973,49.6477
-109.4973,49.6477
-109.4973,49.6477
-109.4973,49.6477
-109.4973,49.6477
-109.4973,49.6477
-109.4973,49.6477
-109.4973,49.6477
-109.496355,49.646069
-109.500443,49.64618
-109.496355,49.646069
-109.496355,49.646069
-109.500443,49.64618
-109.500443,49.66926
-109.496355,49.646069
-109.497,49.6477
-109.496355,49.646069
-109.497,49.6477
-109.496355,49.646069
-109.496355,49.646069
-109.01019,49.43766
-109.01019,49.43766
-109.53634,49.64436
-109.91915,49.60378
-109.29655,50.68974
-109.8966,49.5708
-109.90788,49.57154
-109.8966,49.5708
-109.92075,49.60183
-109.92075,49.60183
-109.92075,49.60183
-109.89401,49.57106
-109.89401,49.57106
-109.89401,49.57106
-109.92075,49.60183
-109.92075,49.60183
-118.447448,50.934219
-105.066507,39.886611
-105.066507,39.886757
-123.428739,48.099886
-112.850472,51.31976
-128.605208,54.099097
-110.804565,43.32282
-112.850487,51.31969
-110.729493,43.496598
-105.29277,40.048598
-122.272819,46.28686
-112.580266,38.600931
-106.11345,39.763
-118.986343,50.150162
-107.534845,44.783102
-123.433832,48.111391
-117.490845,49.043713
-121.522233,46.257262
-103.231015,44.08045
-125.253386,50.047233
-125.253358,50.0472
-125.253692,50.047744
-120.806647,47.535692
-110.383864,44.607259
-112.029092,46.591645
-112.8611,49.6816
-120.401794,47.294511
-107.021828,39.002725
-116.743581,46.740761
-121.034488,39.949682
-121.521131,39.999083
-106.094269,39.654072
-115.005556,50.583333
-106.09433,39.653978
-121.83268,44.15435
-107.261919,40.78992
-122.83017,44.18281
-122.07904,43.61682
-122.08302,43.61797
-116.19734,46.76606
-105.086806,39.775657
-104.006386,44.241269
-123.194326,47.964413
-115.416548,47.869219
-109.34015,46.71359
-122.307649,42.243064
-122.307649,42.243064
-122.307649,42.243064
-122.734229,42.081529
-121.532142,45.352238
-114.17777,48.42346
-122.307649,42.243064
-122.307649,42.243064
-122.385538,42.243554
-114.2854,43.50435
-122.41337,42.41551
-122.385482,42.319925
-116.97217,51.293099
-116.972476,51.293136
-103.828129,44.190731
-103.859104,44.136318
-103.859104,44.136318
-120.758508,39.800909
-115.412516,43.659109
-115.402026,43.67332
-122.46318,42.90834
-122.46318,42.90834
-122.46318,42.90834
-105.951375,39.608228
-120.688,39.8
-120.546,39.315
-110.367,43.15908
-103.734024,44.023858
-120.254,48.295
-122.385538,42.243554
-120.2704,48.4228
-114.01779,48.60491
-113.43861,48.72252
-113.72813,48.69295
-122.46318,42.90834
-123.374941,48.490682
-115.73697,49.463699
-123.663204,48.785703
-112.248981,49.254404
-112.248008,49.254253
-117.896496,49.35322
-120.499726,39.860577
-120.499726,39.860577
-120.499726,39.860577
-105.480984,40.205303
-116.8888,47.07371
-116.8888,47.07371
-120.1025,48.2646
-114.42702,48.33233
-114.4319,48.3336
-120.488817,39.758472
-114.43839,48.02672
-120.10247,48.2646
-109.487353,40.878387
-116.8888,47.07371
-116.8888,47.07371
-122.47793,42.24432
-123.169364,48.124757
-113.67902,48.80428
-113.94523,48.50071
-113.94523,48.50071
-113.94523,48.50071
-113.94523,48.50071
-122.46318,42.90834
-120.6347,48.6952
-121.68143,45.27185
-123.076304,48.097373
-121.48524,40.11652
-121.87341,44.38278
-123.199728,48.136599
-103.41898,44.009513
-118.105607,45.425074
-116.33923,43.553777
-122.878074,47.821879
-118.126045,45.425879
-113.506828,44.306426
-121.516289,43.980108
-118.25496,48.94531
-114.262963,43.836319
-116.136764,44.858008
-122.3931,42.40572
-122.3752,42.34356
-112.065443,46.600455
-111.659,42.5
-113.9499,44.3617
-123.197,48.1339
-123.197,48.1339
-115.746067,43.739309
-118.40398,44.58344
-118.56025,44.7135
-114.750567,43.889233
-121.4726,46.9423
-121.4726,46.9423
-115.67455,45.26355
-116.048996,48.870421
-115.623815,47.231003
-123.055456,47.86042
-121.13981,47.02236
-122.83017,44.18281
-107.10899,40.0345
-122.08302,43.61797
-122.699084,41.134074
-116.19734,46.76606
-104.006386,44.241269
-106.668,40.37864
-114.645721,48.43718
-115.416548,47.869219
-122.307649,42.243064
-122.483343,42.250202
-114.298,47.289
-113.506828,44.306426
-115.419571,43.613436
-117.9377,45.8203
-118.2338,44.95841
-121.963681,44.49053
-103.753998,44.382331
-123.743485,47.480718
-119.895,48.4429
-120.663951,42.280371
-123.140243,48.087033
-120.869,42.674
-122.183014,46.146532
-113.725149,44.772617
-103.849426,44.657185
-121.21041,47.05962
-121.21041,47.05962
-121.21041,47.05962
-117.312411,48.987974
-117.312411,48.987974
-117.312411,48.987974
-116.45684,46.77142
-111.62678,44.20437
-116.418396,46.850403
-116.445224,47.935322
-116.445224,47.935322
-116.445224,47.935322
-116.432419,47.913803
-116.432419,47.913803
-116.445224,47.935322
-116.456288,47.950328
-116.898866,48.701922
-116.898866,48.701922
-116.961225,48.735293
-116.961225,48.735293
-116.471174,47.655609
-116.471174,47.655609
-116.590245,46.180724
-116.090044,44.695836
-121.66264,45.971507
-121.66264,45.971507
-103.850015,44.274274
-114.390042,48.21542
-123.085963,48.08082
-116.207202,48.850403
-116.207202,48.850403
-116.456288,47.950328
-116.456288,47.950328
-116.456288,47.950328
-116.467569,47.649499
-121.22914,46.62798
-121.22914,46.62798
-121.513,46.872
-117.384295,47.643379
-116.8888,47.07371
-121.514286,46.871386
-121.61274,46.91144
-116.018997,44.824393
-121.62485,46.91482
-113.975208,51.240253
-121.725882,45.322256
-121.614256,43.982301
-111.3694,44.4189
-111.3871,44.7489
-113.44305,48.74663
-121.66211,45.3299
-123.076304,48.097373
-121.36697,46.92402
-123.104,48.116473
-123.0686,48.0738
-116.986389,48.290278
-111.197383,48.85035
-122.896688,42.033939
-115.632439,46.698092
-113.437,48.747
-116.66817,45.191101
-123.140243,48.087033
-122.13,43.311
-116.57403,45.27384
-123.197,48.1339
-123.197,48.1339
-112.245181,48.56016
-121.38071,46.64318
-118.40398,44.58344
-118.56025,44.7135
-116.54742,48.9944
-120.22685,48.08675
-121.61351,46.91151
-121.61329,46.91575
-121.62485,46.91482
-121.718563,45.323158
-122.0116,44.41637
-111.3694,44.4189
-111.3871,44.7489
-121.4244,42.532
-114.418273,51.17515
-114.02232,44.87505
-114.57047,44.24496
-116.824479,49.676835
-114.49522,44.82838
-121.529,45.115
-112.805176,49.7334
-121.70692,42.78263
-121.70692,42.78263
-121.70692,42.78263
-121.5802,42.96798
-115.96754,44.91451
-115.96754,44.91451
-115.42135,44.89309
-122.08302,43.61797
-122.07904,43.61682
-122.093685,43.61511
-123.16013,47.89956
-115.632439,46.698092
-115.632439,46.698092
-103.989821,44.321895
-107.995,39.042
-107.995,39.042
-106.678377,39.103376
-109.34194,46.72004
-122.307649,42.243064
-122.364113,42.307313
-114.47717,43.6385
-106.818456,44.332779
-106.818456,44.332779
-110.803006,40.430685
-121.618105,39.908996
-122.3931,42.40572
-122.456729,42.928188
-122.456729,42.928188
-103.859104,44.136318
-103.859104,44.136318
-115.865646,48.846166
-122.46318,42.90834
-105.952303,39.608471
-105.952303,39.608471
-121.532142,45.352238
-106.814128,44.330445
-120.761,39.855
-120.688,39.8
-120.735,39.809
-106.071987,39.630536
-110.39127,44.55499
-113.62302,47.44173
-122.495805,42.886849
-114.54889,44.24936
-122.08302,43.61797
-122.08302,43.61797
-122.07904,43.61682
-122.07904,43.61682
-122.07904,43.61682
-122.3297,43.5556
-122.093685,43.61511
-122.21654,43.526053
-115.632439,46.698092
-103.989821,44.321895
-103.734024,44.023858
-103.734024,44.023858
-115.755278,47.330278
-115.755278,47.330278
-116.055,47.260278
-116.922327,46.547986
-120.422427,42.372093
-123.104,48.116473
-114.18334,43.60565
-116.173647,43.600794
-116.283689,46.53375
-115.93044,47.6492
-121.705084,45.321903
-122.62812,46.48708
-123.355446,48.115703
-122.49975,48.75504
-122.49975,48.75504
-122.49495,48.75596
-122.478131,48.757448
-122.50492,48.71844
-123.145815,41.560827
-121.532259,45.352432
-117.03371,45.15651
-123.139882,48.052055
-109.512928,46.80053
-117.410732,47.636218
-120.17933,48.31952
-120.17933,48.31952
-123.489595,48.450145
-123.157768,48.116572
-123.500196,48.854818
-122.739963,42.080918
-118.041,45.266
-116.989648,46.732967
-117.88876,50.15544
-117.367575,47.555921
-118.909019,50.259062
-107.125651,44.623499
-107.148423,44.627306
-116.493338,47.699956
-116.216962,48.843401
-116.546019,48.967422
-116.546019,48.967422
-123.169364,48.124757
-113.34529,48.33992
-123.43236,48.1133
-103.734024,44.023858
-116.526456,48.190852
-116.154983,43.567939
-117.152927,46.87123
-103.3699,44.0264
-121.895654,40.863396
-116.927547,48.244059
-113.44076,48.74285
-113.26903,48.38837
-123.076304,48.097373
-114.104143,51.076215
-123.22021,47.9843
-121.721246,45.335621
-123.0686,48.0738
-120.480183,48.640001
-123.169364,48.124757
-119.926844,48.969423
-114.875873,43.911374
-117.859124,46.113053
-115.632439,46.698092
-115.632439,46.698092
-123.140243,48.087033
-115.623815,47.231003
-116.3225,44.809722
-121.72258,45.31882
-122.62812,46.48708
-113.52584,48.83093
-115.5302,46.8192
-123.05518,47.85984
-123.126973,48.076996
-113.64551,48.71217
-122.45877,43.01798
-104.030808,44.455058
-121.521899,45.352495
-121.521899,45.352495
-121.65769,45.32445
-115.043817,46.906478
-120.462,39.5718
-103.734024,44.023858
-109.34194,46.72004
-120.736264,39.791277
-120.254,48.295
-122.385538,42.243554
-122.3752,42.34356
-115.051631,48.85554
-122.488516,42.893961
-116.084726,43.783591
-105.031607,39.937867
-113.52584,48.83093
-113.27923,48.377
-115.58594,46.75706
-115.58594,46.75706
-113.60924,48.68848
-113.52584,48.83093
-113.64551,48.71217
-114.0476,48.48172
-122.3752,42.34356
-114.0476,48.48172
-113.39883,48.59551
-113.5421,48.85032
-104.030808,44.455058
-113.27923,48.377
-116.586388,46.200245
-114.303373,43.518066
-114.26419,43.83645
-114.26419,43.83645
-122.483119,48.739612
-123.079442,48.07755
-117.696059,47.563315
-109.830176,46.435719
-109.49674,46.333142
-109.502885,46.332982
-116.496223,49.088446
-114.017787,48.604915
-110.673833,50.014867
-117.428406,45.489728
-121.663866,45.332837
-120.535217,47.008863
-121.871381,44.22547
-118.225467,48.129358
-121.929935,46.233444
-117.197346,46.72152
-114.000366,50.919509
-118.123184,48.734003
-118.170605,48.44512
-115.599086,51.202068
-122.485236,48.733657
-118.106534,45.329147
-117.172677,45.106335
-117.29652,48.76495
-116.016975,44.82777
-117.210556,50.034906
-117.812369,50.672419
-114.303217,43.517723
-123.808576,48.989183
-114.156232,50.990887
-123.929308,49.101189
-124.297494,49.322892
-115.55629,46.1025
-123.194944,48.13365
-111.3144,42.82059
-116.545074,48.956491
-114.390042,48.21542
-123.408615,48.111523
-123.140243,48.087033
-121.662173,45.971615
-123.436894,48.10855
-120.03488,48.22072
-123.43236,48.1133
-123.1011,48.085
-111.791347,41.751628
-122.49495,48.75596
-122.476167,48.759024
-117.955413,46.290964
-116.562159,48.272713
-121.66226,45.97311
-120.346645,47.437529
-119.189851,44.923688
-123.197,48.1339
-117.415008,47.598542
-108.332644,45.146743
-120.535217,47.008863
-113.55794,48.8306
-113.615,48.97995
-113.615,48.97995
-113.615,48.97995
-113.46737,48.72902
-113.55794,48.8306
-113.72813,48.69295
-113.46737,48.72902
-103.453799,43.873612
-123.126973,48.076996
-116.8888,47.07371
-123.169364,48.124757
-123.140243,48.087033
-111.578153,43.646085
-116.590245,46.180724
-105.988916,39.599036
-109.48724,40.8788
-112.604431,45.428844
-114.271867,43.64185
-123.153428,47.872686
-123.1041,47.8518
-113.269,48.38837
-113.27923,48.377
-113.39883,48.59551
-113.67902,48.80428
-113.615,48.97995
-113.615,48.97995
-121.860399,44.06214
-121.860399,44.06214
-120.462,39.5718
-116.8888,47.07371
-116.8888,47.07371
-116.8888,47.07371
-122.306622,42.242521
-123.169364,48.124757
-114.509742,43.779482
-113.43701,48.74705
-113.94523,48.50071
-113.94523,48.50071
-116.54293,48.97635
-116.54276,48.98414
-116.54276,48.98414
-116.062789,44.501357
-115.67455,45.26355
-116.20892,48.76318
-116.570906,48.633258
-121.4149,42.533
-116.203485,48.871275
-116.052581,48.881139
-121.4244,42.532
-122.599802,46.378441
-115.737029,49.463927
-110.673833,50.014867
-123.370049,48.579526
-110.649422,50.043587
-123.643084,48.792965
-122.76981,49.292465
-121.345711,49.850747
-118.25496,48.94531
-118.25496,48.94531
-115.09793,44.26464
-116.136764,44.858008
-115.77193,46.17897
-115.5283,46.1354
-122.3752,42.34356
-117.676221,45.105313
-103.849433,44.65721
-103.849427,44.657202
-120.20281,42.07117
-114.302886,43.51665
-117.569183,47.812841
-121.240325,47.565945
-121.772661,44.859166
-116.10109,47.00623
-115.659254,43.922034
-118.101563,45.323095
-121.38271,46.64491
-120.83899,47.33109
-120.83899,47.33109
-123.357963,48.115943
-121.21041,47.05962
-121.21041,47.05962
-121.21041,47.05962
-121.4997,45.39513
-122.385538,42.243554
-118.225467,48.129358
-120.299026,48.483667
-120.11717,48.05389
-117.893389,48.548385
-117.885742,48.538141
-116.989648,46.732967
-118.170605,48.44512
-122.486325,48.736481
-117.50336,45.076609
-118.25496,48.94531
-107.19212,39.39909
-122.3931,42.40572
-122.3931,42.40572
-122.3752,42.34356
-113.4406,48.74284
-116.10077,47.16111
-116.10077,47.16111
-121.461764,46.487651
-121.645213,46.917585
-116.11065,44.74601
-112.47,42.78
-113.956,44.148
-123.197,48.1339
-116.089115,43.788291
-115.0995,44.92567
-113.46737,48.72902
-113.94523,48.50071
-113.94523,48.50071
-113.94523,48.50071
-113.94523,48.50071
-122.46318,42.90834
-120.6347,48.6952
-120.6347,48.6952
-121.6788,45.2739
-121.87341,44.38278
-103.734024,44.023858
-103.734024,44.023858
-103.734024,44.023858
-121.532142,45.352238
-121.516291,46.874538
-121.516291,46.874538
-116.88445,44.75712
-116.88445,44.75712
-115.96754,44.91451
-115.42135,44.89309
-115.086535,46.721895
-115.432008,46.636061
-122.07904,43.61682
-122.07904,43.61682
-122.093685,43.61511
-113.94523,48.50071
-120.6347,48.6952
-122.3931,42.40572
-116.999597,46.73526
-116.45684,46.77142
-120.1025,48.2639
-121.66264,45.971507
-116.39083,48.34519
-121.48524,40.11652
-106.030906,39.621536
-123.157768,48.116572
-120.2147,42.0727
-116.91287,42.746416
-121.628051,45.346385
-123.104,48.116473
-121.71843,45.329015
-119.165128,48.86492
-113.981352,50.940063
-118.16502,48.924812
-120.8402,42.5585
-123.140243,48.087033
-119.89243,48.4351
-114.741595,46.389993
-114.384135,46.629644
-123.24497,48.11351
-120.17933,48.31952
-120.655033,42.501576
-116.091018,43.774706
-115.595827,46.77808
-119.8675,48.466111
-103.849417,44.657195
-103.849423,44.657186
-113.725149,44.772617
-123.140243,48.087033
-123.169364,48.124757
-117.152066,48.106091
-123.345838,48.11467
-121.833377,44.489773
-119.89533,48.425278
-115.755278,47.330278
-116.055,47.260278
-116.055,47.260278
-117.2547,48.835
-117.4039,48.73
-105.062799,38.872259
-114.377117,51.153571
-123.663182,48.785633
-123.663247,48.785718
-123.663161,48.785746
-119.408169,49.883685
-108.859835,49.522264
-116.418396,46.850403
-116.418396,46.850403
-121.532259,45.352432
-116.445224,47.935322
-116.445224,47.935322
-116.445224,47.935322
-116.445224,47.935322
-113.39883,48.59551
-113.39883,48.59551
-116.456288,47.950328
-116.456288,47.950328
-116.456288,47.950328
-116.34292,48.52038
-116.898866,48.701922
-116.898866,48.701922
-116.898866,48.701922
-116.898866,48.701922
-116.176014,48.940891
-116.4259,47.694005
-116.471174,47.655609
-116.471174,47.655609
-116.4355,46.80122
-121.66264,45.971507
-121.66264,45.971507
-116.93215,47.07456
-123.140243,48.087033
-123.427245,48.099592
-116.456288,47.950328
-116.538676,47.968612
-116.467569,47.649499
-121.22914,46.62798
-116.8888,47.07371
-121.72577,46.78736
-121.61274,46.91144
-121.61274,46.91144
-106.071987,39.630536
-107.125651,44.623499
-107.125651,44.623499
-107.125651,44.623499
-116.493338,47.699956
-116.493338,47.699956
-116.15167,48.369746
-116.246951,48.863863
-116.105448,48.800019
-121.62312,45.32035
-120.74308,42.48229
-109.499102,46.334057
-120.851377,42.659545
-103.531097,43.769072
-103.849436,44.657193
-113.725149,44.772617
-103.854909,44.681141
-103.403508,44.155937
-121.85708,44.39855
-119.05616,48.85143
-103.3699,44.0264
-105.246268,39.734336
-113.660185,42.311784
-122.643653,47.091376
-123.104,48.116473
-121.65378,41.280067
-116.704773,46.099578
-118.56025,44.7135
-118.56025,44.7135
-116.53435,48.98316
-116.54235,48.9869
-120.22685,48.08675
-120.26495,48.31213
-121.62485,46.91482
-121.62485,46.91482
-123.140243,48.087033
-121.725834,45.321793
-107.031502,37.725713
-111.430748,44.630565
-118.828158,48.74508
-113.26903,48.38837
-113.26903,48.38837
-118.658628,44.253387
-115.706123,47.359571
-123.076304,48.097373
-123.500576,47.96987
-120.480183,48.640001
-123.104,48.116473
-123.0686,48.0738
-115.59162,46.8919
-115.632439,46.698092
-115.632439,46.698092
-115.632439,46.698092
-115.632439,46.698092
-103.989821,44.321895
-103.734024,44.023858
-115.58594,46.75706
-115.020985,46.971561
-113.55794,48.8306
-121.963681,44.49053
-121.85708,44.39855
-113.660185,42.311784
-121.73426,44.02856
-117.402325,47.569277
-121.952042,44.491266
-117.004416,48.010755
-122.336432,46.908116
-119.259176,50.254768
-122.88342,42.03643
-117.29245,48.328128
-117.742456,48.293167
-117.742456,48.293167
-117.302598,47.697104
-114.155608,51.178667
-119.683715,49.607428
-116.977373,46.738661
-114.26419,43.83645
-119.19972,48.38083
-117.360929,47.675587
-111.44228,44.21469
-117.218381,47.615472
-120.499726,39.860577
-105.065967,39.886915
-122.81543,44.16927
-122.83017,44.18281
-121.81252,44.17099
-121.705151,45.241532
-122.08302,43.61797
-116.19734,46.76606
-105.086806,39.775657
-121.34459,46.93863
-123.169364,48.124757
-109.278812,38.476911
-123.104,48.116473
-112.42073,42.72279
-116.907243,48.685244
-116.569787,47.955346
-116.529057,48.187816
-116.526456,48.190852
-121.538704,45.389205
-116.538676,47.968612
-106.970415,44.80227
-120.79449,47.75089
-116.529057,48.187816
-111.34865,42.82865
-111.34865,42.82865
-111.34865,42.82865
-107.009106,44.684122
-123.290378,48.766051
-123.944351,49.138451
-120.450903,42.380565
-119.497242,48.902792
-115.755278,47.330278
-115.755278,47.330278
-116.055,47.260278
-120.10247,48.2646
-119.07224,44.25208
-116.242,43.659
-119.900556,48.876389
-122.88156,42.03797
-123.104,48.116473
-119.901667,48.39889
-117.29245,48.328128
-117.742456,48.293167
-117.558346,49.443589
-116.927536,47.662447
-123.126973,48.076996
-118.98889,48.860461
-115.93044,47.6492
-121.72258,45.31882
-122.49975,48.75504
-116.93651,46.8037
-118.650191,48.597037
-121.4997,45.39513
-120.10247,48.2646
-112.816065,44.252336
-103.507651,43.767126
-123.354685,48.116223
-116.13828,44.444192
-113.39883,48.59551
-122.137245,46.249366
-116.458279,46.76983
-113.269,48.38837
-113.615,48.97995
-113.615,48.97995
-113.615,48.97995
-123.140243,48.087033
-123.472713,48.434476
-118.194884,50.991495
-120.346784,39.491728
-121.54303,45.39448
-120.10247,48.2646
-103.290201,44.090323
-122.307649,42.243064
-122.307649,42.243064
-122.307649,42.243064
-120.742223,39.157789
-122.337897,42.224848
-111.810188,44.598188
-107.995,39.042
-122.385538,42.243554
-106.818456,44.332779
-121.618105,39.908996
-121.618105,39.908996
-103.859104,44.136318
-122.385482,42.319925
-120.758508,39.800909
-122.46318,42.90834
-120.25724,41.987
-122.46318,42.90834
-105.952303,39.608471
-120.729,39.783
-118.281206,44.659319
-111.3275,44.58907
-118.12859,48.12844
-110.673833,50.014867
-116.54276,48.98414
-116.54276,48.98414
-116.54742,48.9699
-116.53653,48.9838
-116.55169,48.979665
-121.755784,45.29879
-116.111872,44.668026
-116.20892,48.76318
-115.0976,44.4566
-111.351134,42.82462
-111.31566,42.821338
-114.392838,51.165951
-119.859078,48.662046
-103.3517,43.9252
-120.22685,48.26067
-120.18668,48.25838
-120.03488,48.22072
-110.56366,49.943764
-124.343568,49.316393
-110.503048,45.269033
-113.4406,48.74284
-121.7064,42.89
-120.03534,48.425
-123.140243,48.087033
-111.40922,44.35757
-113.63605,43.81966
-118.12859,48.12844
-119.687071,49.602716
-123.140243,48.087033
-121.498316,46.934863
-120.032367,48.42752
-123.197,48.1339
-118.156221,44.716974
-114.104033,51.076423
-121.5883,40.339
-121.5193,40.3494
-121.746341,44.031565
-120.5075,39.6167
-123.05518,47.85984
-121.860399,44.06214
-105.923659,39.619503
-103.859104,44.136318
-116.8888,47.07371
-116.8888,47.07371
-123.169364,48.124757
-123.169364,48.124757
-105.951375,39.608228
-113.94523,48.50071
-113.94523,48.50071
-113.94523,48.50071
-113.269,48.38837
-120.6347,48.6952
-116.45684,46.77142
-121.6788,45.2739
-121.68143,45.27185
-121.68143,45.27185
-120.825362,49.061863
-114.495754,50.779071
-105.250722,40.584745
-117.567262,48.439399
-123.194393,48.133712
-116.62111,48.10602
-114.104033,51.076423
-116.10878,44.74583
-116.08732,44.77487
-115.950542,44.77505
-120.290219,39.477874
-121.5883,40.339
-116.851667,44.725723
-123.14321,47.80515
-123.05518,47.85984
-123.22021,47.9843
-115.623815,47.231003
-116.136764,44.858008
-119.651946,49.565379
-121.4244,42.532
-114.3856,51.157543
-109.497267,46.334633
-123.22021,47.9843
-123.469651,48.565202
-121.724265,45.316997
-121.5,45.118
-119.165128,48.86492
-121.70692,42.78263
-121.70692,42.78263
-111.633083,41.889812
-116.19734,46.76606
-120.254,48.295
-122.385538,42.243554
-104.04491,44.244916
-104.888053,39.577967
-116.8888,47.07371
-116.8888,47.07371
-122.441971,42.991467
-120.3797,38.80802
-121.532142,45.352238
-114.42702,48.33233
-115.051631,48.85554
-114.4319,48.3336
-116.51465,46.12902
-111.3615,41.8905
-119.259176,50.254768
-122.485885,48.735299
-119.57545,48.536133
-115.944991,44.950649
-116.54276,48.98414
-116.53653,48.9838
-116.062789,44.501357
-116.048996,48.870421
-116.048996,48.870421
-116.20892,48.76318
-115.416035,47.158514
-117.676221,45.105313
-116.183577,48.090805
-116.150212,48.687704
-121.014,40.119
-114.114981,45.224644
-116.134843,48.903606
-121.4149,42.533
-121.4149,42.533
-114.418273,51.17515
-114.3855,51.164865
-114.301284,49.366969
-121.724191,45.316709
-116.10077,47.16111
-116.07859,44.84943
-118.840737,45.063467
-112.8288,44.3617
-123.444599,48.112742
-116.56872,45.27553
-123.197,48.1339
-123.197,48.1339
-118.40398,44.58344
-118.56025,44.7135
-114.750567,43.889233
-121.4726,46.9423
-116.54904,48.96521
-115.38535,44.11345
-114.401764,48.245064
-116.564445,48.264824
-116.989648,46.732967
-117.406658,45.068019
-117.04294,45.10334
-117.584823,47.490192
-116.925683,47.036736
-115.44736,43.62164
-111.438651,43.707952
-122.36236,42.3405
-114.51199,45.72519
-121.38271,46.64491
-120.83899,47.33109
-121.21041,47.05962
-117.312411,48.987974
-117.312411,48.987974
-117.312411,48.987974
-121.66106,45.9714
-103.734024,44.023858
-116.6935,46.76097
-116.445224,47.935322
-116.445224,47.935322
-116.445224,47.935322
-116.445224,47.935322
-116.456288,47.950328
-116.456288,47.950328
-116.456288,47.950328
-116.456288,47.950328
-121.504373,46.87088
-116.34292,48.52038
-116.898866,48.701922
-116.898866,48.701922
-116.898866,48.701922
-116.961225,48.735293
-116.4259,47.694005
-116.216962,48.843401
-121.48524,40.11652
-121.48524,40.11652
-113.841241,44.547168
-110.56366,49.943764
-116.512816,45.353373
-119.8994,48.3672
-121.85708,44.39855
-121.85708,44.39855
-121.73826,44.03104
-121.64622,46.91335
-121.38271,46.64491
-120.88929,47.11333
-114.302886,43.51665
-121.21041,47.05962
-117.312411,48.987974
-117.312411,48.987974
-114.40766,45.02907
-114.245921,50.874283
-116.418396,46.850403
-116.445224,47.935322
-116.445224,47.935322
-116.445224,47.935322
-116.445224,47.935322
-116.456288,47.950328
-116.456288,47.950328
-116.456288,47.950328
-116.898866,48.701922
-116.898866,48.701922
-116.961225,48.735293
-123.172361,48.055207
-117.460535,47.95245
-121.72053,45.322625
-120.61383,48.67288
-117.402325,47.569277
-120.17933,48.31952
-120.17933,48.31952
-117.15786,46.728458
-120.655033,42.501576
-120.24152,48.62598
-118.508284,47.53236
-123.169364,48.124757
-115.3425,45.7058
-119.206359,48.483601
-118.160559,50.978712
-117.411652,47.629812
-121.720517,45.32262
-114.690914,49.631956
-120.530731,50.179713
-123.727577,48.792152
-115.737129,49.463665
-123.663139,48.785604
-123.663204,48.785703
-114.23263,50.601057
-112.248981,49.254404
-117.156524,49.606028
-105.065967,39.886915
-120.499726,39.860577
-120.499726,39.860577
-122.250786,41.330161
-122.07904,43.61682
-116.19734,46.76606
-116.0876,43.78785
-120.254,48.295
-120.254,48.295
-117.1607,46.8362
-120.562502,39.552982
-120.2474,42.1469
-118.54396,48.52865
-120.036347,50.624585
-121.720944,45.32766
-121.70692,42.78263
-121.70692,42.78263
-113.981352,50.940063
-117.676221,45.105313
-114.391067,45.881309
-123.24497,48.11351
-121.720563,45.322646
-120.61383,48.67288
-116.54235,48.9869
-107.206519,41.133648
-120.26495,48.31213
-121.61329,46.91575
-121.62485,46.91482
-122.3931,42.40572
-121.84929,44.42529
-111.4144,44.6726
-123.140243,48.087033
-109.869445,45.01755
-113.26903,48.38837
-123.104,48.116473
-114.196634,51.097936
-116.986389,48.290278
-115.59162,46.8919
-123.575968,48.068903
-123.22021,47.9843
-116.588893,48.284457
-114.875873,43.911374
-123.355305,48.115704
-103.849456,44.657202
-120.1672,42.3804
-113.674708,51.292086
-114.089976,50.988369
-123.140243,48.087033
-120.895,42.651
-117.8578,48.466091
-119.8675,48.466111
-115.454,45.8978
-113.725149,44.772617
-103.849419,44.657202
-123.157768,48.116572
-117.152066,48.106091
-120.450903,42.380565
-120.10247,48.2646
-117.015856,46.813859
-121.66264,45.971507
-121.66264,45.971507
-116.456288,47.950328
-116.456288,47.950328
-116.456288,47.950328
-116.456288,47.950328
-121.513,46.872
-116.388567,48.285775
-123.43389,48.111439
-108.515223,45.835632
-107.125651,44.623499
-116.493338,47.699956
-116.246951,48.863863
-116.529542,48.946894
-105.951375,39.608228
-103.859104,44.136318
-109.278692,38.476981
-112.892454,37.594373
-123.104,48.116473
-123.104,48.116473
-123.436789,48.108051
-120.4872,48.5836
-120.4872,48.5836
-123.421609,48.105072
-121.538467,46.306507
-103.834815,43.899079
-121.767529,46.090674
-120.2678,48.1
-120.2704,48.4228
-116.113649,48.937559
-116.471174,47.655609
-116.090011,44.695355
-121.66264,45.971507
-121.66264,45.971507
-116.210068,48.828697
-109.22319,38.509161
-116.8888,47.07371
-116.8888,47.07371
-116.8888,47.07371
-107.125651,44.623499
-107.125651,44.623499
-116.493338,47.699956
-123.116331,48.097509
-116.210068,48.828697
-116.529542,48.946894
-114.418151,43.838815
-112.72676,44.36045
-121.501322,46.868261
-119.053462,48.851201
-113.94611,48.49948
-123.169364,48.124757
-115.314552,49.542142
-117.29652,48.76495
-117.29652,48.76495
-116.634134,48.298869
-123.484968,48.488534
-117.241111,50.024558
-110.48755,43.77096
-120.273125,48.466717
-123.194326,47.964413
-114.764595,48.241254
-113.43965,48.74254
-109.345406,45.151333
-114.5464,48.0419
-107.21088,39.406077
-110.926611,45.30711
-122.307649,42.243064
-120.742223,39.157789
-122.483343,42.250202
-111.810188,44.598188
-111.730096,44.592721
-114.12997,43.65028
-112.472,38.241
-112.472,38.241
-122.307649,42.243064
-122.385538,42.243554
-123.153428,47.872686
-123.127706,47.83656
-117.9377,45.8206
-118.180736,45.673067
-113.506828,44.306426
-116.88445,44.75712
-116.88445,44.75712
-115.96754,44.91451
-115.96754,44.91451
-115.96754,44.91451
-115.086535,46.721895
-116.62528,46.03809
-122.08302,43.61797
-122.08302,43.61797
-122.07904,43.61682
-122.3297,43.5556
-103.989821,44.321895
-120.363505,42.21847
-121.261594,44.412797
-120.17933,48.31952
-121.464046,46.494747
-120.655033,42.501576
-120.655033,42.501576
-118.128908,47.643323
-116.5109,45.349229
-123.104,48.116473
-122.441735,48.756779
-124.309498,49.322647
-113.98533,45.70343
-123.464204,48.578022
-119.053331,48.851255
-114.090028,50.988392
-122.50492,48.71944
-122.49975,48.75504
-120.354162,44.340259
-114.00701,51.275113
-121.46535,46.09105
-121.50545,46.862053
-116.283689,46.53375
-116.4225,44.748333
-119.9411,48.966932
-123.130238,48.077833
-120.76351,39.936485
-121.58483,46.2661
-115.755278,47.330278
-116.055,47.260278
-116.055,47.260278
-115.419571,43.613436
-117.2547,48.835
-118.1336,48.87672
-119.91694,48.42917
-120.03534,48.425
-112.42073,42.72279
-116.907243,48.685244
-116.437165,48.694908
-116.526456,48.190852
-113.44709,43.98062
-113.44709,43.98062
-116.538676,47.968612
-118.237197,44.950197
-116.545989,48.967416
-116.545989,48.967416
-116.529542,48.946894
-116.51465,46.12902
-114.397756,51.165156
-111.31566,42.821338
-116.135091,48.899064
-103.734024,44.023858
-116.550182,47.728868
-116.526456,48.190852
-113.37534,48.61969
-116.538676,47.968612
-116.878846,48.292195
-114.18334,43.60565
-121.662173,45.971615
-116.546019,48.967422
-116.289083,48.846379
-116.289083,48.846379
-111.34865,42.82865
-114.397756,51.165156
-109.498394,49.659961
-119.448218,49.032368
-110.680208,50.016731
-114.374016,51.157595
-114.374016,51.157595
-114.23504,51.09977
-109.497193,49.647799
-110.647835,50.046577
-115.699553,52.274896
-122.495805,42.886849
-103.859104,44.136318
-103.83275,43.927685
-120.758508,39.800909
-120.758508,39.800909
-115.412516,43.659109
-115.424736,43.648251
-115.402026,43.67332
-115.402026,43.67332
-122.45877,43.01798
-120.25724,41.987
-122.46318,42.90834
-121.532142,45.352238
-110.912008,45.851996
-103.734024,44.023858
-103.734024,44.023858
-103.734024,44.023858
-103.734024,44.023858
-103.734024,44.023858
-120.254,48.295
-115.632439,46.698092
-115.632439,46.698092
-107.985126,45.991363
-107.985126,45.991363
-107.985126,45.991363
-103.734024,44.023858
-113.94523,48.50071
-113.52584,48.83093
-113.52584,48.83093
-113.27923,48.377
-120.678202,39.306463
-115.413384,43.658053
-108.509532,45.831891
-123.197,48.1339
-116.290873,43.684105
-118.222968,48.130465
-113.829241,51.028781
-116.989648,46.732967
-120.03488,48.22072
-123.42342,48.1099
-109.525316,49.291705
-113.4406,48.74284
-113.434,48.74101
-118.11634,45.43849
-118.11634,45.43849
-116.414048,46.430861
-116.026,44.83526
-116.11065,44.74601
-114.392164,51.166446
-116.872412,49.675194
-114.053592,51.045588
-114.39076,51.16485
-118.957219,50.247691
-124.044882,49.203322
-113.9079,49.061999
-116.848689,48.479427
-110.673833,50.014867
-124.307213,49.32644
-106.304462,37.405137
-123.708511,48.791212
-117.696059,47.563315
-114.017787,48.604915
-110.673833,50.014867
-116.54276,48.98414
-116.54276,48.98414
-116.54742,48.9699
-116.54742,48.9699
-116.54742,48.9699
-116.54742,48.9699
-103.50901,43.769516
-121.772661,44.859166
-116.851667,44.725723
-121.600288,46.277173
-123.05518,47.85984
-115.397,44.418
-121.38271,46.64491
-103.859104,44.136318
-121.802191,45.351715
-120.83899,47.33109
-114.0476,48.48172
-113.5137,48.69413
-113.5137,48.69413
-113.27923,48.377
-122.137245,46.249366
-121.532142,45.352238
-121.532142,45.352238
-116.586388,46.200245
-116.964931,46.902401
-113.43861,48.72252
-113.6479,48.71227
-113.55794,48.8306
-113.55794,48.8306
-113.615,48.97995
-122.166279,46.227573
-114.30572,43.524146
-123.140243,48.087033
-123.140243,48.087033
-103.3517,43.9252
-123.197807,48.138181
-110.56366,49.943764
-124.334775,49.317283
-109.430225,45.0385
-123.156219,48.105399
-113.434,48.74101
-106.312323,40.838966
-123.102549,48.068436
-118.09704,45.45629
-116.10077,47.16111
-113.50679,44.30654
-121.465103,46.511489
-104.03661,44.237186
-120.2704,48.4228
-120.1025,48.2646
-114.42702,48.33233
-114.4319,48.3336
-115.397,44.418
-120.3797,38.80802
-120.3797,38.80802
-120.469733,39.775006
-110.900744,45.843154
-114.43839,48.02672
-120.254,48.295
-120.254,48.295
-107.250543,44.14061
-113.109382,49.803872
-123.663247,48.78576
-112.248008,49.254253
-123.651359,48.73679
-117.252833,49.5529
-123.71335,48.781598
-122.486039,48.735083
-122.486267,48.736481
-109.517517,46.799328
-122.485053,48.733769
-122.486267,48.736347
-122.48603,48.73453
-122.484909,48.746829
-123.04988,47.860867
-122.483894,48.739358
-105.283997,40.013729
-121.34459,46.93863
-106.638122,37.674987
-105.196803,41.195225
-120.771112,49.079538
-106.698279,35.930099
-114.477627,43.639109
-120.052092,49.798679
-105.046147,40.565443
-105.188336,40.578524
-105.169975,40.553467
-110.787059,43.627042
-104.802383,41.166125
-120.776619,49.074019
-111.594688,40.603685
-106.815536,39.191564
-110.548101,43.86615
-114.014594,46.848288
-107.401917,40.761477
-120.775855,49.07389
-114.69528,49.638306
-112.845692,51.322175
-104.798942,41.150401
-106.828445,40.470187
-121.707305,45.320342
-106.1409,39.505658
-106.828462,40.4702
-104.894569,38.856028
-110.664437,43.665568
-103.355087,44.045309
-105.086517,39.774958
-105.934738,39.579168
-107.010728,38.992097
-129.795531,56.744731
-115.051514,48.855572
-112.84744,51.321275
-129.795371,56.744756
-116.967081,50.037265
-117.698973,49.241586
-114.03675,50.912126
-122.271749,50.706208
-110.392158,44.901904
-121.619339,39.909638
-117.658007,49.343136
-123.421697,48.105106
-106.989595,38.959513
-117.804162,50.239022
-123.196188,48.133839
-124.409308,51.652851
-111.336571,43.264029
-123.4216,48.1051
-121.618716,39.910217
-117.542622,47.399085
-121.531945,45.352192
-122.271544,50.706206
-118.058639,48.604394
-104.799081,41.150117
-116.951664,50.145681
-116.281496,43.660564
-121.618665,39.909765
-114.529832,51.270658
-116.979078,47.42642
-116.956922,50.166611
-124.444218,49.350591
-123.159836,47.825767
-122.510381,48.720037
-120.11,44.93
-120.595374,49.444271
-123.929298,49.101124
-116.977831,50.041756
-111.28951,47.549236
-111.438482,44.427752
-123.421813,48.1049
-105.084423,40.58526
-105.4667,40.6667
-105.05415,39.798045
-106.007919,38.338221
-104.893614,37.419949
-105.29238,40.05735
-105.892513,40.520816
-123.743336,40.904429
-105.149901,39.643322
-105.084423,40.58526
-106.19173,41.39461
-105.084423,40.58526
-105.003188,39.010166
-105.003188,39.010166
-105.003102,39.086054
-105.006501,39.010009
-105.505558,39.284302
-105.003101,39.008605
-107.089206,40.184601
-149.5717,63.6426
-105.004542,39.01139
-105.003334,39.008957
-105.144742,39.651487
-105.38384,40.04187
-150.9776,63.5536
-105.103192,40.508227
-107.089206,40.184601
-106.19173,41.39461
-105.084423,40.58526
-105.084423,40.58526
-105.3818,40.0339
-105.059257,39.008775
-105.003334,39.008957
-105.008586,40.703871
-105.38384,40.04187
-106.481906,41.320219
-151.058253,63.287696
-105.002844,39.008893
-105.006276,39.009549
-105.38384,40.04187
-105.191,39.75051
-106.283637,40.731643
-105.003188,39.010166
-105.005238,39.008715
-105.10191,39.53388
-106.98957,38.959092
-109.499238,46.333902
-120.148456,49.720688
-117.542942,47.398181
-120.749572,39.836483
-120.752237,39.827975
-117.542906,47.398842
-118.286758,51.300792
-110.693454,43.64416
-105.529371,40.44442
-105.065953,40.609635
-111.427106,44.426622
-106.989447,38.960042
-120.5484,50.486539
-115.670088,43.932408
-112.887908,49.670863
-111.336571,43.264029
-105.32052,40.637387
-116.965103,51.305745
-104.830697,41.155606
-117.157058,46.730805
-124.379647,49.281447
-114.243907,44.847796
-112.887987,49.670887
-120.148456,49.720688
-124.408968,51.65254
-117.543069,47.398519
-105.075392,40.570081
-117.577972,47.536689
-126.815278,52.819578
-107.663311,38.022675
-120.595975,49.443481
-110.145931,46.645421
-105.229832,39.631222
-114.043494,51.172137
-110.682037,43.671509
-113.341505,49.81665
-115.571334,51.171298
-112.888053,49.67085
-124.409207,51.652863
-120.477519,49.343846
-107.858957,37.454565
-110.544845,43.858592
-106.514092,41.374803
-117.54595,47.434819
-122.252962,46.300572
-107.210122,39.405462
-110.615837,43.839672
-106.514022,41.374938
-113.343483,49.838703
-125.062942,49.692383
-117.5419,47.398468
-120.776394,49.067141
-117.414858,47.598479
-120.757408,39.80188
-119.588128,49.384678
-124.338183,49.316733
-104.830703,41.155619
-120.758539,39.800985
-118.081548,50.832221
-120.758706,39.801009
-117.542711,47.39867
-118.081892,50.831855
-110.278781,49.662944
-120.776375,49.067154
-118.080437,50.833418
-122.083078,43.61813
-118.082494,50.830686
-124.408776,51.652098
-116.951685,50.145659
-109.826469,46.438053
-117.544681,47.398422
-120.776497,49.068055
-118.204512,50.992069
-123.42671,48.636486
-120.757251,39.804762
-118.082213,50.832139
-118.081548,50.832221
-118.082414,50.83233
-123.643092,48.621417
-118.081548,50.832221
-123.952,49.174
-121.471127,47.013482
-116.986026,46.742809
-123.372242,48.529299
-124.379587,49.281312
-117.401228,47.667461
-116.103972,43.772369
-105.075089,40.554589
-123.470747,48.564975
-116.951696,50.1457
-124.941605,49.676697
-126.81569,52.818759
-120.33155,39.247783
-117.35698,49.948578
-117.071627,47.416422
-117.38793,49.885558
-116.743581,46.740761
-126.814858,52.819858
-116.986043,46.742871
-121.532142,45.352238
-117.544425,47.398256
-115.664583,43.923087
-105.083647,40.57403
-117.157311,46.73079
-123.453624,48.476784
-117.0284,47.899803
-120.799194,49.063083
-110.800737,43.653187
-126.815658,52.818655
-124.162857,49.279205
-120.595703,49.445308
-121.545692,46.172192
-104.85418,38.770625
-105.32052,40.637387
-123.383758,48.501575
-126.593069,52.386703
-123.644416,48.624621
-111.716217,41.749088
-116.981247,49.611355
-116.933722,51.311322
-123.649365,48.625732
-123.415087,48.454353
-123.355253,48.103453
-121.92548,44.552344
-106.988297,38.958155
-123.663021,48.635583
-124.286439,49.330659
-123.354975,48.103602
-106.683813,37.620705
-116.931034,46.549704
-105.070014,40.397445
-123.355345,48.103239
-123.288679,48.4606
-120.156819,49.721239
-123.088522,47.854302
-105.155922,39.577125
-123.648475,48.753295
-123.355076,48.103829
-120.737643,39.791262
-123.64793,48.625227
-117.589635,47.484318
-106.683333,37.619475
-115.457803,43.388503
-107.816632,37.630104
-112.663333,37.078056
-112.663333,37.078056
-109.978518,46.730519
-108.509622,45.831861
-121.448694,45.351132
-120.48877,39.758438
-106.68367,37.619737
-122.233787,44.761071
-117.711808,48.716964
-115.668561,43.928312
-110.974388,44.676583
-117.520325,49.435463
-105.41642,39.99715
-110.548278,43.866262
-124.109139,49.255405
-110.801803,39.606955
-116.951707,50.145655
-109.9003,49.569697
-123.404153,48.446512
-123.912,49.13
-107.937355,49.970612
-117.53273,49.020742
-117.172122,46.729394
-115.94668,49.631558
-116.985984,46.742793
-106.68387,37.62022
-105.836839,40.200661
-109.490436,46.339984
-117.263313,49.507221
-105.075194,40.570642
-124.09195,49.078868
-117.265251,49.508202
-123.839366,49.169828
-111.317488,38.122672
-123.568856,48.46185
-122.645934,47.090475
-117.648154,45.099312
-105.588988,40.054078
-123.64936,48.6231
-122.686285,40.991081
-117.400781,47.665986
-117.171653,46.729225
-122.847795,47.851118
-123.578952,48.479363
-124.975106,49.682265
-111.641678,41.899303
-105.277678,40.008627
-105.075172,40.570728
-110.652759,40.578187
-111.676192,39.83469
-105.25512,39.357217
-123.584584,48.423972
-116.716192,47.412978
-112.001392,46.572922
-109.496185,46.333087
-120.59502,49.443806
-123.987322,49.234769
-123.324917,48.102758
-123.47847,48.444905
-118.215049,49.004008
-124.997708,49.692094
-107.031853,37.725895
-107.031883,37.725917
-116.95138,50.145662
-112.048196,41.536318
-123.674912,48.640917
-105.083573,40.574342
-106.639764,37.670001
-120.1025,48.2646
-123.197523,48.134007
-112.048196,41.536318
-116.951707,50.145655
-105.512965,40.429213
-115.757972,49.514428
-110.685097,50.0036
-118.865597,49.410557
-120.255,48.2939
-112.057883,41.534965
-119.194726,50.692846
-123.143057,48.085625
-123.405892,48.444347
-106.639764,37.670001
-116.985736,46.742746
-105.090201,40.585332
-121.567575,40.531297
-105.310644,39.987632
-123.795836,48.970674
-123.795836,48.970674
-116.482601,49.101206
-119.418316,50.972599
-110.032873,49.643187
-124.941489,49.676663
-123.585675,48.486624
-117.418787,47.660797
-117.89669,49.353908
-123.460181,48.405483
-117.016031,46.72982
-123.418648,48.431136
-123.651261,48.753972
-106.971486,38.951425
-105.267069,40.000218
-123.384608,48.415206
-105.082061,40.574117
-105.023572,40.547472
-123.914,49.118
-113.688322,48.806953
-105.493568,40.767534
-117.124826,49.602232
-116.86539,49.709709
-117.403697,47.6648
-123.912,49.13
-123.701323,48.610102
-109.488083,40.878361
-123.722878,48.782588
-116.501251,49.101297
-116.98102,49.611222
-123.40531,48.63585
-123.551159,48.410523
-123.795836,48.970674
-106.987745,38.958529
-110.773151,45.348429
-106.356025,45.337588
-118.207704,49.045411
-117.404297,47.666453
-123.940086,48.618902
-116.959487,50.190636
-111.811538,41.746328
-117.541456,47.630736
-123.912,49.13
-110.056692,46.673659
-122.64341,47.09119
-122.64341,47.091185
-117.390139,47.635769
-123.378527,48.512472
-122.644819,47.090587
-123.87,49.09
-125.253759,50.047783
-110.053778,46.673276
-112.712032,49.699893
-105.090478,39.4945
-123.874803,49.052956
-117.276694,47.595142
-111.897592,46.925928
-111.89772,46.925913
-123.65083,48.629462
-119.629628,49.245355
-123.726538,48.779863
-123.749995,48.795793
-123.706101,48.801224
-123.650847,48.629437
-117.403592,47.665789
-123.689172,48.08206
-105.085531,40.573721
-109.830028,46.435793
-109.684731,47.308262
-123.757954,48.662575
-107.332216,39.550547
-109.972265,46.732197
-115.756783,49.50223
-123.378189,48.512499
-110.6369,43.9359
-105.584673,41.320993
-123.722655,48.782562
-117.160618,46.83733
-123.374994,48.464351
-118.557137,50.857963
-123.432646,48.485748
-117.059952,46.911483
-111.651553,41.803764
-109.497188,46.334194
-110.136105,46.631138
-114.695198,49.638183
-111.784138,40.682223
-109.830216,46.435635
-116.17292,47.437447
-121.930612,44.557817
-105.083092,40.573944
-111.788864,40.66998
-116.951707,50.145655
-122.264748,46.291556
-117.000165,46.732381
-106.55568,41.452008
-110.814014,43.61799
-123.452467,48.433726
-123.452545,48.433742
-114.061399,51.082839
-119.108452,50.358009
-112.851356,50.4826
-104.720159,44.590504
-116.985983,46.742817
-110.696795,43.666905
-116.985982,46.742816
-119.20433,50.794912
-116.950922,50.146372
-116.951707,50.145655
-105.09355,40.738693
-119.756468,51.074876
-116.951707,50.145655
-113.9815,50.9398
-119.163408,50.475834
-124.454458,49.351598
-114.581418,49.283829
-120.600634,49.441855
-120.604312,49.477784
-120.113678,50.749225
-121.745342,45.30265
-122.991325,50.094556
-114.34371,51.194249
-120.478745,50.799222
-127.168053,54.772695
-104.990712,39.602553
-105.044937,40.575559
-116.502884,48.924394
-116.985221,50.230313
-114.413963,49.346331
-113.946144,51.035725
-118.193264,49.011597
-115.7566,49.502267
-114.097779,51.139581
-116.950505,50.14564
-114.149087,50.99277
-121.68062,42.167933
-112.887901,49.670774
-118.20803,44.655603
-117.424714,47.661048
-113.946036,51.036156
-118.729034,50.164783
-105.540213,40.03
-125.25335,50.047281
-122.952823,50.131765
-115.692353,43.82167
-122.991295,50.094508
-114.316487,44.398196
-122.275925,46.91423
-119.418297,50.972523
-119.105034,50.365143
-103.636476,44.03688
-118.986496,50.149899
-119.699967,49.757717
-114.38061,49.335391
-123.726181,48.356647
-120.48294,49.613057
-120.595678,49.445439
-112.887901,49.670774
-120.595678,49.445439
-121.870243,44.22617
-114.099678,51.023422
-116.99765,46.731877
-120.139187,50.740729
-123.160062,49.330689
-116.981255,49.611472
-123.196904,48.133933
-123.460042,48.42854
-115.922255,45.890622
-120.176408,49.717832
-117.501913,49.69595
-118.101753,45.32328
-124.075031,49.250616
-121.509377,50.638138
-120.595678,49.445439
-114.29375,51.505599
-110.055737,49.623152
-116.981047,49.611347
-107.188251,39.052975
-119.102364,50.360893
-121.509377,50.638138
-115.779223,49.501428
-119.107025,50.70853
-116.959088,50.157119
-116.951707,50.145655
-123.418327,48.565426
-119.094278,50.9616
-120.485211,49.348273
-105.004131,39.536974
-120.59502,49.443806
-116.951707,50.145655
-123.88,49.05
-116.951707,50.145655
-116.951707,50.145655
-123.4299,48.519347
-123.429925,48.519297
-114.298902,49.36324
-110.290475,49.659892
-123.43023,48.519295
-119.535275,49.692308
-119.395551,49.904826
-106.64671,37.66209
-121.689242,44.061981
-117.952624,49.374724
-123.136897,47.877851
-105.703155,39.679408
-120.563606,49.239494
-106.827566,39.197891
-111.055,45.809
-111.048483,45.677646
-106.729933,37.62772
-121.501719,46.869155
-122.30628,47.671613
-114.032867,49.014938
-114.033015,49.015135
-113.510503,49.348497
-120.148244,49.757976
-119.469604,49.823496
-123.182472,48.10645
-120.176408,49.717832
-119.929375,51.764447
-117.972122,50.403817
-120.148619,49.720683
-116.951707,50.145655
-122.275976,46.915097
-122.275621,46.914466
-114.298477,49.36266
-110.647,43.905
-105.702713,39.682949
-105.702713,39.682949
-114.234991,50.862833
-110.49175,44.73401
-114.436595,50.81408
-110.502315,44.708214
-116.244089,43.65161
-104.832262,41.157561
-128.629839,55.613758
-113.814202,48.677745
-105.3768,40.0154
-108.1068,39.0677
-113.717895,43.524075
-121.53106,45.352196
-113.717888,43.524088
-116.833167,44.831562
-118.978928,49.113338
-110.481208,44.712538
-105.322116,40.014219
-109.499451,46.333779
-115.015694,44.718705
-118.979004,49.111671
-114.073319,50.881863
-111.278153,40.486703
-123.536455,48.5047
-116.225082,43.615051
-114.37629,51.152563
-120.799117,49.06317
-113.966801,50.718621
-118.979507,49.112038
-110.647,43.905
-123.720805,48.358043
-115.64605,49.917892
-113.717804,48.695419
-120.764447,49.039948
-118.979088,49.111649
-109.351057,47.136119
-110.665761,43.666553
-110.643707,43.903196
-109.497458,46.334124
-122.486533,48.72816
-123.674258,48.62633
-112.072211,46.390095
-122.044285,49.003419
-111.903003,46.509325
-111.903003,46.509325
-113.980708,50.939568
-116.866339,49.70952
-122.729865,49.199073
-106.70444,35.926828
-109.839824,46.432777
-113.375162,46.127986
-113.981431,50.939575
-113.981353,50.939578
-113.981414,50.939561
-111.736887,46.656764
-103.482955,43.89137
-106.704525,35.926889
-113.963403,50.993325
-113.981369,50.939525
-110.439178,44.916153
-106.920272,41.190322
-113.981353,50.939575
-110.055681,46.673774
-116.195602,51.416184
-116.951707,50.145655
-109.503355,46.333225
-110.36502,44.567097
-122.275718,46.914432
-125.065786,49.792878
-123.15162,48.061068
-120.174039,39.461043
-122.488222,48.730836
-120.781581,49.064647
-123.395308,48.498174
-122.275863,46.914375
-116.018987,44.824901
-104.990737,39.602637
-121.740988,46.784205
-107.231971,38.502079
-113.975121,48.500694
-109.499855,46.336081
-123.396055,48.45928
-124.37928,49.281405
-123.395311,48.49816
-104.990704,39.602673
-106.885078,41.13115
-110.396919,44.555096
-110.497392,44.719505
-120.626492,39.225236
-113.980903,50.939592
-122.488425,48.730439
-112.029167,46.59173
-122.488489,48.73049
-106.463438,41.490558
-113.544909,50.808823
-123.94,49.137
-122.486561,48.727971
-110.463614,46.619393
-122.487294,48.729046
-105.289366,40.048027
-123.844308,49.04255
-109.498721,46.33498
-110.412203,44.570375
-115.07528,49.53273
-123.400956,48.473542
-116.951707,50.145655
-123.395315,48.498138
-122.485319,48.725773
-117.4029,47.66645
-122.486748,48.728188
-122.486632,48.72694
-105.251107,40.028675
-122.485445,48.726683
-113.781151,48.701067
-116.143569,47.493142
-109.498382,46.335234
-106.081602,39.659245
-114.807379,47.309377
-123.40318,48.608229
-123.40332,48.608238
-113.480153,48.570976
-123.403357,48.608253
-123.403241,48.608023
-123.403147,48.60845
-124.379616,49.281381
-113.975723,46.870722
-109.773239,45.32837
-107.99997,50.656156
-117.157101,46.730761
-123.308823,48.438115
-117.538526,49.627321
-123.198206,48.134067
-123.196711,48.133994
-117.14278,46.799106
-123.308875,48.438106
-117.402761,47.6662
-122.837289,50.960453
-120.695334,49.510146
-123.388514,48.094787
-105.7793,40.2676
-124.37953,49.281345
-120.595678,49.445439
-117.401192,47.667163
-121.776839,45.305535
-124.097045,49.253601
-123.19724,48.135712
-123.647262,48.629223
-116.932949,51.312471
-115.107142,49.464169
-120.603975,49.4357
-123.646578,48.623933
-114.03479,46.868674
-123.196376,48.134144
-109.499236,46.333967
-121.968544,50.671122
-109.957838,46.727306
-114.029915,46.929528
-123.365028,48.05235
-105.070008,40.397413
-123.700635,48.760786
-123.411475,48.465713
-120.148619,49.720683
-120.148619,49.720683
-124.413744,49.358238
-117.40203,47.667317
-121.705513,45.333567
-123.362778,48.412222
-113.941238,49.48588
-117.399836,47.624344
-116.951707,50.145655
-117.088019,47.884575
-116.951707,50.145655
-120.5958,49.445273
-120.148244,49.757976
-124.248359,49.265972
-117.456132,47.692488
-116.803772,48.35822
-116.93253,51.312383
-123.912,49.13
-123.725506,48.77948
-120.600708,49.442932
-116.981108,49.611313
-124.075031,49.250616
-105.81685,40.251012
-120.722047,49.936722
-116.959131,50.157109
-116.901842,51.253506
-106.998658,38.979892
-116.951728,50.145655
-123.025117,49.060446
-120.532477,49.459853
-123.4002,48.475726
-128.591536,54.517685
-120.267577,48.10001
-117.21008,51.513763
-117.407519,47.668514
-123.809689,48.991155
-120.017547,51.868
-116.516362,47.522701
-120.018142,51.86792
-121.871437,44.225297
-123.800444,48.791985
-110.182701,49.673592
-120.10247,48.2646
-113.21658,46.976107
-117.400661,47.668031
-115.295758,49.350041
-120.484787,50.483383
-114.04177,51.0468
-114.38619,51.164138
-118.971336,50.139702
-120.10247,48.2646
-124.268267,49.321557
-112.887955,49.670867
-113.944057,49.484878
-114.038737,51.047247
-122.170107,51.398232
-114.235134,48.384339
-105.151698,39.790458
-114.131538,51.661066
-121.186283,50.47395
-109.966958,46.728384
-110.681763,43.790428
-115.967521,51.291234
-123.716324,48.790446
-105.607194,40.148152
-123.799588,48.791664
-117.407553,47.668501
-109.830123,46.435636
-112.892717,37.594253
-120.36663,49.61823
-116.951514,50.145586
-116.981225,49.611703
-120.276953,50.737508
-113.472145,49.00695
-117.136666,47.260195
-120.558137,50.761893
-119.107079,50.70834
-109.411007,49.27662
-108.418225,49.653983
-118.509387,50.176327
-116.951664,50.145313
-113.966697,50.888425
-110.083272,46.673455
-115.079108,49.488588
-108.420555,49.653456
-124.371528,49.287125
-117.451931,49.549339
-120.36677,49.618379
-128.605767,54.526628
-123.408593,48.111516
-121.725158,46.799413
-117.734628,49.207133
-116.951321,50.14567
-116.950333,50.145975
-114.4011,48.244628
-116.951363,50.145588
-113.980708,50.939568
-117.178556,46.730233
-113.980708,50.939568
-113.980708,50.939568
-113.980708,50.939568
-111.097666,46.354247
-124.988702,49.755136
-123.322789,48.45995
-114.353775,51.161835
-119.631267,51.671336
-118.888712,51.235744
-106.29615,41.354345
-122.341389,41.279306
-112.521043,49.504654
-106.962395,38.925012
-114.143586,50.857639
-114.587118,50.940648
-105.456387,40.356294
-114.045025,51.132709
-113.464223,49.004465
-113.950357,50.728962
-113.82933,49.104508
-114.007428,50.678937
-128.715173,54.504012
-116.019351,44.823759
-110.446672,44.785856
-116.019177,44.823478
-119.115028,50.687786
-118.19812,51.001511
-123.944578,49.179997
-114.19159,51.04862
-123.508803,48.524387
-116.99767,46.731939
-117.370467,49.502925
-117.391369,47.668303
-114.105556,50.926944
-111.950376,49.529094
-123.942695,49.172689
-114.543708,50.781281
-123.485842,48.822482
-114.218218,51.065754
-114.072348,51.047206
-110.725853,43.79242
-113.981347,50.939614
-119.912404,51.609628
-116.997654,46.731886
-115.339091,51.06393
-113.980708,50.939568
-124.150309,51.618443
-123.295595,48.767395
-118.971504,50.139797
-123.669412,48.649776
-116.951342,50.14575
-119.10495,50.365158
-113.965123,46.946165
-119.107025,50.70853
-119.029595,50.729162
-113.978,46.7
-114.039,46.678
-113.985,46.69
-117.398811,47.661258
-106.445913,39.28442
-120.479327,50.514372
-113.981369,50.939622
-117.40142,47.6263
-109.634167,40.542912
-114.1301,51.012788
-114.084564,51.106775
-120.087014,49.713825
-103.849459,44.657426
-123.500954,48.537524
-123.742848,48.771534
-119.108185,50.365704
-117.416297,49.478017
-116.746404,49.429823
-111.574689,37.970213
-114.692322,50.948567
-113.980708,50.939568
-113.980708,50.939568
-119.923439,49.647278
-114.01355,51.010833
-120.695722,49.374383
-109.956281,46.724501
-113.657928,48.794517
-109.956333,46.723801
-110.054866,46.670241
-113.039235,44.80594
-113.729095,48.692326
-120.10247,48.2649
-117.312225,48.988047
-121.87162,44.22522
-117.527971,45.532711
-114.423935,48.152802
-116.970539,50.206176
-106.727813,37.625442
-116.505287,48.389304
-114.244357,50.874512
-105.268318,40.037956
-123.94,49.137
-123.735042,51.254803
-119.4678,49.912332
-123.11705,48.132739
-124.379646,49.281346
-120.610703,50.153706
-110.046609,46.665586
-116.951535,50.145805
-114.246588,50.868903
-119.466062,49.908754
-116.951557,50.14575
-116.951449,50.14575
-107.994148,39.045326
-118.1017,45.323258
-115.316564,49.416572
-107.000672,38.980637
-106.727587,37.625275
-105.805917,39.943797
-116.952007,50.14575
-116.553262,48.272163
-114.065335,51.133903
-117.510545,50.113675
-120.36677,49.618379
-116.985393,50.229996
-109.63676,40.54295
-114.094094,50.934067
-123.103111,47.855442
-123.725113,48.356442
-117.546967,49.441664
-111.754683,40.773527
-116.951621,50.145585
-116.950419,50.145597
-119.62116,49.571553
-117.467451,49.432947
-117.285683,49.501931
-113.692521,50.806637
-117.15559,46.732981
-117.416197,49.477047
-123.714892,48.767975
-116.981378,49.611458
-117.390731,47.623725
-117.416357,49.476977
-118.45928,49.044762
-117.312195,48.98803
-120.290467,39.477767
-116.154875,43.567877
-117.370938,49.503007
-117.590023,49.344978
-124.575133,49.22549
-106.063665,39.607095
-114.184104,47.950608
-122.479528,48.75416
-111.50393,41.39266
-112.31848,41.14039
-112.21219,41.17132
-105.131259,39.773241
-117.662278,49.428973
-117.614565,49.058635
-117.663092,49.429657
-123.321895,48.104979
-107.031555,37.725628
-124.336614,49.314439
-117.602447,49.025007
-122.448953,48.759696
-121.80938,50.660437
-123.436692,48.10807
-123.929444,49.101164
-123.524025,48.5266
-121.62137,45.320258
-111.53105,41.39599
-109.834079,46.434791
-119.366744,50.164994
-117.708,49.341048
-105.345688,39.827591
-117.381513,49.498517
-117.37,49.5
-117.62,49.33
-117.649954,49.32
-117.649954,49.32
-117.65,49.32
-117.65,49.32
-117.649954,49.32
-117.649954,49.32
-110.660003,43.513358
-111.979333,36.19415
-113.981064,50.939639
-122,44
-117,45
-119,43
-117,45
-117,45
-119,44
-122,45
-122,44
-117,45
-122,44
-120,42
-122,45
-122,44
-122,44
-121,44
-117,45
-122,44
-119,43
-122,43
-119,43
-120,42
-120,42
-122,44
-122,42
-105.313565,40.015399
-106.586547,37.622375
-114.0255,51.0003
-107.031486,37.725688
-106.705108,37.504638
-107.031525,37.725808
-111.3292,47.6692
-111.3083,47.6792
-111.3083,47.6792
-111.3083,47.6792
-111.3292,47.6692
-111.3033,47.6803
-117.5551,48.4602
-111.3292,47.6692
-111.3292,47.6692
-111.3292,47.6692
-111.3292,47.6692
-111.3083,47.6792
-111.3033,47.6803
-112.2751,37.5494
-112.266,37.5762
-112.266,37.5762
-112.266,37.5762
-112.266,37.5762
-112.266,37.5762
-112.266,37.5762
-112.266,37.5762
-112.266,37.5762
-112.266,37.5762
-112.266,37.5762
-112.266,37.5762
-111.1489,37.297
-111.695,37.9383
-111.6444,37.9453
-111.6444,37.9453
-110.7656,38.055
-111.6737,37.9196
-111.6737,37.9196
-111.6444,37.9453
-111.621,37.8388
-111.6912,37.9313
-111.6912,37.9313
-111.6444,37.9453
-112.0602,37.5349
-110.7864,38.0883
-110.8101,38.0688
-110.7864,38.0883
-110.7864,38.0883
-110.8327,38.0632
-111.6444,37.9453
-111.6444,37.9453
-111.6444,37.9453
-111.6444,37.9453
-111.6444,37.9453
-111.6444,37.9453
-111.4046,37.7645
-111.6737,37.9196
-111.1162,37.276
-110.8023,38.0858
-111.3137,38.099
-111.1573,37.32292
-111.6429,37.9297
-111.6429,37.9297
-111.6429,37.9297
-111.6429,37.9297
-111.6429,37.9297
-111.6429,37.9297
-111.6429,37.9297
-112.266,37.5762
-112.266,37.5762
-112.266,37.5762
-112.266,37.5762
-112.266,37.5762
-112.266,37.5762
-112.266,37.5762
-112.266,37.5762
-112.2751,37.5494
-112.2751,37.5494
-112.2751,37.5494
-112.2751,37.5494
-112.2751,37.5494
-111.6429,37.9297
-111.6429,37.9297
-111.6429,37.9297
-111.6429,37.9297
-111.6429,37.9297
-111.6429,37.9297
-111.6429,37.9297
-111.6429,37.9297
-111.6429,37.9297
-111.6429,37.9297
-111.6429,37.9297
-111.6429,37.9297
-112.8122,37.5308
-111.621,37.8388
-111.6912,37.9313
-111.6912,37.9313
-111.6912,37.9313
-111.6912,37.9313
-111.6912,37.9313
-111.6416,37.9062
-111.6416,37.9062
-111.6429,37.9297
-111.6429,37.9297
-111.6429,37.9297
-111.6912,37.9313
-111.6429,37.9297
-112.266,37.5762
-112.266,37.5762
-112.266,37.5762
-112.266,37.5762
-112.266,37.5762
-112.266,37.5762
-112.266,37.5762
-112.266,37.5762
-112.2305,37.644
-112.2305,37.644
-112.2305,37.644
-112.2305,37.644
-112.2305,37.644
-112.2305,37.644
-112.2305,37.644
-111.7198,37.9563
-111.1462,37.2939
-110.8491,38.1129
-110.8491,38.1129
-111.6429,37.9297
-111.6429,37.9297
-111.6429,37.9297
-111.6429,37.9297
-110.8044,38.0694
-111.6429,37.9297
-111.6429,37.9297
-111.621,37.8388
-111.6444,37.9453
-111.6429,37.9297
-111.6444,37.9453
-111.6429,37.9297
-111.6429,37.9297
-111.6429,37.9297
-111.695,37.9383
-111.6444,37.9453
-111.6912,37.9313
-111.6912,37.9313
-111.9838,38.0619
-111.1573,37.32292
-111.518525,43.602495
-121.660874,45.3299
-110.716342,43.771661
-122.500708,48.715453
-121.196307,40.163221
-121.644934,46.917521
-124.379592,49.28137
-121.415422,50.504948
-115.230453,49.249712
-110.921449,45.606967
-117.821367,49.102725
-120.755021,39.953165
-111.819488,41.731067
-107.817322,37.938837
-112.687637,44.223022
-120.26495,48.31213
-106.831645,39.11627
-110.22132,46.614478
-113.461312,49.011739
-118.546332,50.416806
-114.218926,51.012688
-120.22685,48.08675
-110.697835,50.019853
-110.500533,43.892267
-117.109448,49.618191
-120.26495,48.31213
-118.220928,49.04327
-113.687722,49.022358
-107.338765,39.399782
-113.461608,49.011764
-115.108881,51.103777
-114.08042,51.170147
-145.39,63.93
-106.65,37.66
-110.25,49.64
-113,53.856
-148.09,64.75
-113.88,49.08
-110.25,49.64
-105.47,39.87
-105.5,39.91
-125.96,59.5
-105.47,39.87
-113.82,49.11
-113.88,49.08
-118.15,51.04
-114.32,50.9
-119.63,49.24
-113.86,49.13
-116.58,51.22
-110.25,49.64
-115.17,49.18
-110.25,49.64
-110.25,49.64
-110.25,49.64
-110.25,49.64
-110.25,49.64
-119.51,49.04
-110.25,49.64
-110.25,49.64
-110.25,49.64
-110.25,49.64
-110.25,49.64
-110.25,49.64
-110.25,49.64
-110.25,49.64
-150.58,59.81
-105.47,39.87
-115.28,49.26
-113.88,49.08
-115.59,51.17
-113.88,49.08
-113.88,49.08
-113.88,49.08
-113.88,49.08
-114.08,50.97
-113.98,50.72
-114.08,50.97
-113.12,51.73
-115.17,49.18
-114.23,51.12
-109.47,49.77
-110.25,49.64
-110.25,49.64
-110.25,49.64
-116.63,49.12
-115.8,50.16
-110.25,49.64
-110.25,49.64
-114.5,49.12
-114.95,49.33
-119.18,49.11
-119.63,49.24
-119.39,49.93
-119.63,49.24
-119.63,49.24
-110.25,49.64
-110.25,49.64
-110.25,49.64
-110.25,49.64
-110.25,49.64
-110.25,49.64
-123.55003,48.48488
-113.980708,50.939568
-117.399869,49.045475
-113.974928,50.725476
-107.017736,38.99722
-123.917,49.117
-106.990439,38.959836
-113.974928,50.725476
-124.379447,49.281483
-105.262243,39.667203
-106.989838,38.959583
-114.372897,51.160261
-124.978685,49.67823
-116.613522,46.23287
-110.813888,43.617997
-117.41106,47.636427
-115.896613,44.765938
-120.755021,39.953165
-127.288887,54.77606
-117.287669,48.789639
-121.779548,45.37561
-127.288467,54.777664
-116.173795,43.600767
-118.220767,49.04328
-124.989555,49.685514
-120.173858,51.554133
-121.705013,45.322014
-119.265993,50.157944
-108.229024,45.19105
-121.47101,47.013592
-108.509517,45.831909
-123.412402,48.464193
-117.183644,48.392683
-123.912,49.13
-122.49975,48.75504
-122.49975,48.75504
-118.220588,49.042056
-119.942586,48.968169
-124.095542,49.252092
-117.033763,45.156607
-122.49975,48.75504
-107.052216,38.978318
-127.148479,54.70477
-121.65244,46.983685
-109.23478,45.221065
-122.332071,47.606106
-122.50492,48.71944
-121.974388,43.573428
-121.527685,45.388599
-117.902031,49.034169
-117.818705,49.07696
-117.19323,47.517113
-117.326282,49.111066
-117.205998,49.136994
-117.177175,46.743613
-124.083733,49.246788
-123.399658,48.475972
-109.538241,46.848511
-116.204163,43.605228
-110.059334,46.675759
-123.137377,48.051766
-117.407719,47.668481
-117.414995,47.598583
-107.011907,38.994927
-109.826521,46.438114
-109.499753,46.334665
-120.48029,49.524078
-120.847736,50.614125
-122.500763,48.715462
-120.154726,48.638043
-110.792686,43.6077
-125.899087,52.404987
-113.967187,46.887578
-117.809902,49.078867
-114.400166,51.163616
-116.9859,46.742683
-106.973038,38.942372
-112.418607,42.723261
-114.396164,51.169178
-116.525812,49.160881
-124.193053,49.272317
-123.969667,49.157106
-116.985604,46.742735
-116.564522,48.264889
-123.311094,48.464622
-113.9811,50.9395
-113.938504,46.678735
-109.241958,45.198788
-120.398921,50.652008
-114.045471,51.008644
-106.133705,40.527173
-120.03534,48.425
-117.175412,46.722127
-111.823234,40.76439
-120.10247,48.2646
-106.379181,39.731908
-107.401746,39.342382
-106.149432,40.582807
-105.273404,40.007311
-110.683279,43.841724
-117.288183,48.839613
-117.288183,48.839613
-117.288183,48.839613
-107.403663,39.345774
-105.137008,40.166395
-105.241587,39.983525
-123.061684,50.53516
-113.981383,50.939586
-113.981408,50.939639
-122.348279,48.751039
-113.981392,50.939669
-122.0337,43.6549
-118.38897,45.18503
-121.8611,44.3882
-121.8611,44.3882
-117.617351,45.152317
-113.981369,50.939594
-105.215471,40.171686
-113.981347,50.939603
-105.215135,40.171456
-109.830205,46.435724
-110.698984,43.841193
-114.00148,46.847811
-121.81752,44.38443
-109.826483,46.438109
-105.92795,35.664965
-114.015397,48.338165
-113.926214,51.070573
-113.944057,49.484878
-112.983538,51.112313
-121.586126,46.268949
-121.949832,44.490958
-109.497342,46.334746
-109.499206,46.333916
-109.489089,46.336634
-109.501773,46.335501
-109.410743,45.079054
-114.513344,50.406239
-113.921725,50.931874
-114.15702,51.059561
-117.274244,49.501605
-120.178437,51.287448
-114.065351,51.064804
-115.736015,49.78825
-119.627446,49.540854
-103.804082,44.716199
-103.966806,44.71527
-103.905997,44.716793
-123.388715,48.497775
-114.337269,51.161609
-110.804456,43.658268
-110.965535,44.722948
-110.9933,44.81407
-103.893055,44.733251
-117.61395,49.587118
-115.4218,43.61765
-110.705082,43.827243
-110.878128,43.493286
-123.923,49.112
-103.849454,44.657129
-123.548047,48.482065
-120.766938,49.152103
-120.331694,50.660503
-110.329475,49.63717
-109.528192,44.91378
-117.49967,49.457107
-116.823425,49.687923
-110.636218,43.93012
-123.137753,48.049019
-116.089313,44.927573
-110.475503,43.880695
-103.926621,44.77161
-103.931478,44.626926
-123.686586,48.367449
-103.860686,44.666797
-117.0171,46.7148
-113.968446,46.90652
-106.050322,39.483008
-123.392696,48.506591
-103.849437,44.657207
-103.84943,44.657187
-106.760052,39.268695
-110.708167,43.904932
-123.464628,50.575514
-110.501883,43.906783
-123.513433,48.524426
-123.452828,48.433665
-123.178928,51.17265
-124.99571,49.685527
-123.101638,48.137526
-118.042582,46.057438
-123.394384,48.503949
-123.452699,48.433683
-117.385522,47.61939
-116.985664,46.742871
-123.299416,48.441343
-123.392162,48.506441
-122.486192,48.735512
-120.202744,51.384912
-116.981505,49.61137
-117.283077,49.52058
-123.452699,48.433683
-124.095683,49.253808
-116.985971,46.742816
-114.397637,51.17324
-113.925866,46.827089
-117.738962,49.128406
-123.452699,48.433683
-122.483113,48.739665
-124.074225,49.239545
-123.374978,48.464342
-123.312092,48.463218
-117.402995,47.669585
-124.088325,49.237263
-123.378972,48.512271
-108.976672,45.48049
-123.517876,48.799988
-123.546604,48.480562
-123.549263,48.466587
-109.900312,45.414541
-122.150141,44.815723
-123.429798,48.519492
-123.452699,48.433683
-114.074403,46.950407
-114.354408,49.38392
-119.830998,50.498755
-123.452699,48.433683
-123.342772,48.426892
-121.951966,44.491401
-119.392861,49.938724
-105.296486,39.993545
-114.736814,43.912944
-119.9432,48.37475
-121.20027,47.26233
-116.989648,46.732967
-114.73424,43.91585
-111.96701,44.4304
-117.39155,47.69324
-116.553772,48.969973
-118.16502,48.924812
-117.889759,48.746086
-118.1833,48.6108
-113.618564,44.950512
-114.926717,44.178117
-105.579471,41.327156
-114.923617,44.17555
-118.846134,48.502167
-123.129368,48.078025
-119.9432,48.37475
-120.18458,48.32428
-116.12609,48.08272
-116.12609,48.08272
-123.129368,48.078025
-116.545748,48.726804
-119.056424,48.910889
-114.262963,43.836319
-118.16502,48.924812
-123.129368,48.078025
-121.868298,43.804847
-114.926717,44.178117
-116.582355,48.226566
-116.70806,48.980184
-122.432274,48.781669
-116.01147,45.135003
-123.129368,48.078025
-115.42083,44.8935
-116.548893,48.680316
-122.432274,48.781669
-121.739557,46.789851
-122.432274,48.781669
-121.36704,46.9236
-117.288724,48.839602
-115.424,44.335
-123.104,48.116473
-114.539016,43.779062
-121.21041,47.05962
-117.478898,45.082594
-121.723013,45.316427
-123.055456,47.86042
-122.432274,48.781669
-116.835071,45.427163
-115.635039,47.234002
-113.6588,42.309417
-121.845307,44.452782
-114.587892,44.742317
-113.6588,42.309417
-114.7666,43.8646
-119.271779,48.885718
-123.24497,48.11351
-114.299933,43.516416
-117.443865,45.039228
-122.364113,42.307313
-115.635039,47.234002
-119.053493,48.851172
-121.845307,44.452782
-114.299933,43.516416
-114.509742,43.779482
-116.582355,48.226566
-117.443865,45.039228
-121.71669,45.323339
-116.087719,44.752225
-123.129368,48.078025
-117.889759,48.746086
-116.989648,46.732967
-121.21041,47.05962
-118.405572,44.869473
-116.590245,46.180724
-115.635039,47.234002
-115.635039,47.234002
-115.635039,47.234002
-121.36516,46.92587
-114.654348,43.871327
-121.72246,45.318407
-121.716996,45.318803
-121.716996,45.318803
-122.30322,47.688633
-117.195573,44.805051
-121.42027,46.90807
-111.15994,43.97753
-111.298253,43.784002
-116.563821,48.229667
-114.582959,48.415698
-117.161092,46.730275
-111.298253,43.784002
-117.288724,48.839602
-114.2644,43.719101
-117.478898,45.082594
-121.34325,46.93812
-114.2644,43.719101
-123.147745,48.075528
-116.871306,47.961029
-111.298253,43.784002
-114.346596,48.238415
-121.40298,46.65176
-117.003509,47.701352
-121.716964,45.323941
-116.937686,47.930505
-116.985722,46.742768
-117.161092,46.730275
-121.436262,43.872783
-116.985722,46.742768
-116.295648,48.401418
-115.493,44.282
-105.289484,40.243183
-110.869937,46.549797
-114.390042,48.21542
-113.895492,45.173431
-120.274612,47.421379
-116.97766,46.72906
-114.023291,45.423735
-121.502332,46.896339
-114.390042,48.21542
-117.290468,45.38156
-117.28725,48.558743
-113.71565,47.49332
-120.71437,42.554943
-121.14216,46.67522
-121.34325,46.93812
-121.34325,46.93812
-121.34325,46.93812
-121.34325,46.93812
-121.34325,46.93812
-111.07613,43.90949
-121.34325,46.93812
-121.34325,46.93812
-121.34325,46.93812
-121.34325,46.93812
-121.34325,46.93812
-121.34325,46.93812
-121.34325,46.93812
-121.34325,46.93812
-121.34325,46.93812
-116.78822,47.03523
-121.34325,46.93812
-116.022967,44.501733
-116.066797,45.619489
-116.066797,45.619489
-116.066797,45.619489
-116.066797,45.619489
-115.52084,44.79905
-115.416035,47.158514
-115.416035,47.158514
-115.416035,47.158514
-118.041,45.266
-121.34325,46.93812
-121.34325,46.93812
-121.34325,46.93812
-121.34325,46.93812
-121.34325,46.93812
-121.34325,46.93812
-116.066797,45.619489
-116.066797,45.619489
-116.066797,45.619489
-116.066797,45.619489
-113.721626,45.094884
-121.715918,45.325247
-121.720304,45.326486
-121.716784,45.325048
-121.72281,45.319807
-121.722134,45.318702
-121.717983,45.3204
-121.710163,45.329987
-120.333917,47.193186
-114.625658,43.831246
-116.985722,46.742768
-123.05518,47.85984
-121.722238,45.323095
-121.706564,42.890033
-121.662173,45.971615
-117.395431,47.820864
-118.637472,44.17819
-117.293242,48.330269
-105.416772,40.078059
-123.176367,48.062891
-119.004947,47.027706
-122.66304,45.075287
-121.130598,46.656611
-121.487017,45.367895
-120.985872,39.998098
-117.293154,48.330413
-121.7591,45.625845
-116.559744,48.225705
-117.424533,48.09578
-120.410156,45.036269
-121.643729,44.460565
-121.496944,46.862333
-122.718374,42.077194
-117.928877,44.657247
-104.006667,44.254184
-114.29509,48.062172
-116.283653,47.562783
-115.773969,47.438431
-121.548314,45.393816
-123.154975,48.104828
-117.978144,44.667747
-121.451198,46.758168
-116.631317,46.038367
-105.557928,39.753733
-117.46891,48.671511
-121.463222,46.501333
-121.588279,44.554861
-117.979174,44.6697
-121.809626,44.500745
-105.590397,41.316211
-117.125406,47.888121
-121.640292,44.467518
-114.390483,48.215803
-113.398519,48.291442
-120.739832,47.730962
-106.26274,37.071121
-121.779767,44.243778
-116.283653,47.562783
-119.706774,48.599923
-105.41039,41.254433
-117.41165,47.636327
-122.476359,48.759096
-115.378469,46.663703
-121.773534,44.22972
-115.378454,46.663728
-119.152136,48.418446
-121.877919,44.053243
-121.642562,44.460805
-121.522233,46.257262
-118.188257,45.01695
-119.152136,48.418446
-105.108553,39.70015
-114.247706,47.837242
-117.691984,45.308408
-121.516106,46.88027
-121.639797,45.323729
-121.333523,46.537217
-107.084206,48.395202
-121.824217,44.182959
-121.465348,47.011475
-121.48407,46.51819
-113.931828,48.061304
-121.637954,44.483396
-121.470852,46.491809
-122.183619,43.311767
-110.628067,43.845018
-118.130076,47.646332
-121.469994,46.492764
-117.702584,45.324126
-121.638297,44.470611
-121.711537,45.254963
-121.521277,46.254801
-117.479371,45.084041
-123.678421,40.766486
-114.164547,48.384014
-121.516106,46.88027
-121.444244,46.492297
-118.041333,45.265253
-117.265583,48.200455
-122.271967,46.914746
-115.958569,47.490882
-121.63831,44.481598
-121.663094,45.970523
-107.084635,48.394923
-114.10642,48.224654
-122.495449,42.063631
-120.943526,39.936923
-122.482077,42.084076
-114.004891,46.828882
-117.426001,47.632368
-114.91718,48.186623
-118.652344,46.685247
-120.280683,47.257008
-116.457138,48.029764
-118.709911,45.67134
-107.081624,44.61774
-106.993676,44.669416
-105.590392,41.316253
-121.704935,45.321804
-109.684089,48.549999
-122.262833,47.797347
-106.993672,44.669406
-116.029358,47.183615
-121.704935,45.321804
-105.585394,41.320889
-120.994956,40.005724
-121.716263,45.325587
-112.022859,46.589834
-121.771183,44.860118
-121.517608,46.350769
-121.517608,46.350769
-121.888955,44.215235
-122.262844,47.797293
-111.7306,35.3539
-111.7331,35.3751
-111.7306,35.3539
-111.67681,35.38628
-119.992485,51.330489
-123.473163,48.434251
-120.036219,50.624984
-118.48983,50.235865
-114.418736,51.176804
-114.418913,51.176942
-119.652092,49.564873
-120.58761,49.2985
-111.64725,41.79732
-121.872,44.22433
-121.872,44.22433
-121.872,44.22433
-121.872,44.22433
-121.872,44.22433
-121.872,44.22433
-121.872,44.22433
-121.872,44.22433
-114.312573,49.37295
-114.385537,51.157139
-114.385633,51.164876
-119.25552,50.2625
-114.302642,49.366648
-117.460615,47.952877
-124.148174,49.28798
-113.9815,46.707422
-116.090125,43.774747
-123.452593,48.433736
-120.69611,47.24361
-117.55972,48.58833
-121.3625,46.92944
-123.432045,48.501695
-123.547843,48.479987
-123.32328,48.4584
-123.452564,48.433671
-113.932985,46.677141
-123.452644,48.433521
-123.452597,48.433556
-116.82318,49.687788
-123.94,49.165
-123.499869,48.853777
-117.354198,47.549291
-116.981217,49.611462
-123.452547,48.433741
-116.979879,49.611754
-123.452597,48.43373
-123.933313,49.166497
-119.621442,49.205942
-119.673769,49.113339
-116.831779,47.719051
-106.760972,49.755172
-117.390617,47.669278
-117.390689,47.669264
-105.052353,39.951205
-117.401072,47.662603
-107.031693,39.005644
-105.542061,39.951312
-115.586,51.171
-129.827,57.7735
-113.876,49.083
-110.254,49.638
-110.254,49.638
-105.502,39.914
-114.265,50.678
-123.347272,48.525043
-117.12342,49.600027
-105.30234,40.109813
-104.93918,39.60679
-106.134443,40.528263
-112.4772,50.1897
-112.4772,50.1897
-112.4403,50.1721
-112.4403,50.1721
-112.4403,50.1721
-111.6716,35.4162
-111.6509,35.3392
-111.6937,35.3795
-111.738,35.3285
-111.738,35.3285
-111.7306,35.3539
-111.7306,35.3539
-111.7306,35.3539
-111.71017,33.33413
-111.6506,35.3386
-111.6436,35.3423
-111.732,35.3543
-111.6889,35.3799
-111.7251,35.3889
-111.732,35.3543
-111.6716,35.4162
-111.7321,35.3757
-111.7306,35.3539
-110.643722,43.939811
-117.776008,50.200528
-119.391319,50.212789
-110.558854,43.779025
-116.977658,46.729059
-116.985662,46.7428
-123.508782,48.524361
-121.352363,46.934668
-116.087136,44.752255
-106.371003,38.971272
-109.497325,49.655975
-106.990075,38.958947
-106.990288,38.95883
-105.785613,39.916538
-114.141674,50.994865
-121.849615,44.431345
-105.11498,39.630795
-105.116821,39.615322
-123.509758,48.523685
-119.001701,50.831436
-116.295958,48.401375
-110.642224,43.939565
-121.803597,44.207631
-116.98596,46.742893
-118.960278,50.247186
-116.986012,46.742904
-116.985897,46.742639
-106.98333,38.955487
-106.985428,38.944305
-113.87,49.08
-113.87,49.08
-113.87,49.08
-113.81,49.1
-113.87,49.08
-113.87,49.08
-113.87,49.08
-115.58,51.17
-118.14,51.03
-113.87,49.08
-123.447615,48.564302
-106.631761,37.670211
-112.022645,46.589773
-109.497178,49.655878
-122.78609,45.013569
-142.8975,61.5022
-149.1288,63.7371
-149.1288,63.7371
-149.1288,63.7371
-149.1288,63.7371
-149.1272,63.7218
-149.1288,63.7371
-149.1288,63.7371
-149.1272,63.7218
-149.1288,63.7371
-149.1288,63.7371
-149.1288,63.7371
-149.1272,63.7218
-149.1288,63.7371
-149.1272,63.7218
-149.1272,63.7218
-149.1272,63.7218
-149.1272,63.7218
-149.1272,63.7218
-118.9604,34.1495
-110.7952,43.7912
-110.4726,44.7628
-110.4726,44.7628
-110.4726,44.7628
-110.4726,44.7628
-110.7384,43.7978
-110.7384,43.7978
-110.4726,44.7628
-110.4726,44.7628
-110.4726,44.7628
-110.4726,44.7628
-110.4726,44.7628
-110.4726,44.7628
-110.4726,44.7628
-110.4726,44.7628
-149.6144,60.1908
-149.6144,60.1908
-149.6144,60.1908
-149.6144,60.1908
-149.6309,60.1856
-149.6144,60.1908
-111.7087,40.4436
-149.6309,60.1856
-149.6144,60.1908
-149.6309,60.1856
-149.6309,60.1856
-106.24,41.3645
-111.4699,39.3189
-111.4699,39.3189
-111.4699,39.3189
-111.4699,39.3189
-110.4462,44.8255
-110.4726,44.7628
-110.4726,44.7628
-110.4726,44.7628
-110.4726,44.7628
-110.4726,44.7628
-110.4726,44.7628
-110.4363,44.8047
-110.4726,44.7628
-125.957,59.504
-113.876,49.083
-113.876,49.083
-113.876,49.083
-113.876,49.083
-113.876,49.083
-113.876,49.083
-113.819,49.106
-113,53.856
-115.285,49.263
-105.466,39.87
-105.466,39.87
-106.647,37.662
-105.466,39.87
-113.117,51.733
-114.317,50.9
-114.233,51.117
-114.083,50.967
-113.983,50.717
-114.083,50.967
-109.467,49.773
-105.56,40.366
-110.254,49.638
-110.254,49.638
-110.254,49.638
-110.254,49.638
-110.254,49.638
-113.856,49.131
-119.633,49.243
-119.633,49.243
-119.633,49.243
-119.389,49.931
-119.178,49.111
-115.166,49.177
-115.166,49.177
-119.633,49.243
-114.497,49.123
-116.634,49.119
-114.946,49.333
-116.579,51.218
-115.797,50.159
-118.148,51.039
-113.645,44.959
-110.254,49.638
-110.254,49.638
-110.254,49.638
-110.254,49.638
-110.254,49.638
-110.254,49.638
-110.254,49.638
-110.254,49.638
-110.254,49.638
-110.254,49.638
-110.254,49.638
-110.254,49.638
-110.254,49.638
-110.254,49.638
-110.254,49.638
-110.254,49.638
-110.254,49.638
-110.254,49.638
-110.254,49.638
-110.254,49.638
-119.506,49.038
-117.17,46.73
-111.7331,35.3751
-111.7331,35.3751
-111.739,35.329
-123.065278,49.147778
-123.045556,49.1925
-123.120556,49.081389
-123.120556,49.081389
-123.120556,49.081389
-122.387778,49.078333
-122.418056,49.128056
-123.120556,49.081389
-123.120556,49.081389
-123.120556,49.081389
-123.120556,49.081389
-123.120556,49.081389
-123.120556,49.081389
-123.120556,49.081389
-123.120556,49.081389
-123.120556,49.081389
-123.120556,49.081389
-123.120556,49.081389
-123.120556,49.081389
-123.120556,49.081389
-123.120556,49.081389
-123.120556,49.081389
-123.120556,49.081389
-123.120556,49.081389
-123.120556,49.081389
-123.120556,49.081389
-123.120556,49.081389
-122.73063,42.08349
-120.349,42.1836
-122.21477,42.38925
-122.21477,42.38925
-122.21477,42.38925
-120.349,42.1836
-120.349,42.1836
-122.21477,42.38925
-113.34954,41.94909
-122.21477,42.38925
-113.34954,41.94909
-111.64246,41.89436
-120.349,42.1836
-113.34954,41.94909
-113.34954,41.94909
-113.34954,41.94909
-120.349,42.1836
-113.34954,41.94909
-113.34954,41.94909
-122.30127,42.90313
-113.34954,41.94909
-113.34954,41.94909
-113.34954,41.94909
-113.34954,41.94909
-122.6074,42.27179
-113.34954,41.94909
-111.64246,41.89436
-113.34954,41.94909
-113.34954,41.94909
-111.64246,41.89436
-113.34954,41.94909
-113.34954,41.94909
-106.18425,41.34644
-111.7241,37.9737
-113.34954,41.94909
-113.34954,41.94909
-112,38
-122.21477,42.38925
-106.15729,41.32129
-111.0527,39.8938
-111.496,40.6619
-106.18425,41.34644
-113.34954,41.94909
-112,38
-112,38
-112,38
-112,38
-113.34954,41.94909
-113.34954,41.94909
-112,38
-113.44881,41.96012
-113.34954,41.94909
-113.34954,41.94909
-112,38
-111.0527,39.8938
-111.0527,39.8938
-112,38
-149.1116,60.9584
-148.1078,65.2109
-106.41233,41.32207
-106.18425,41.34644
-148.1078,65.2109
-149.1116,60.9584
-113.34954,41.94909
-148.0774,65.1772
-148.0774,65.1772
-148.1078,65.2109
-147.8177,64.8585
-149.1116,60.9584
-113.34954,41.94909
-106.18425,41.34644
-111.0527,39.8938
-106.18425,41.34644
-149.1116,60.9584
-147.8177,64.8585
-147.8177,64.8585
-108.83656,42.73656
-147.8177,64.8585
-147.8177,64.8585
-148.0774,65.1772
-106.18425,41.34644
-146.8648,64.6401
-146.8648,64.6401
-148.0774,65.1772
-146.8648,64.6401
-148.0774,65.1772
-146.8648,64.6401
-106.18425,41.34644
-146.8648,64.6401
-111,44
-148.1078,65.2109
-146.8648,64.6401
-146.8648,64.6401
-146.8648,64.6401
-146.8648,64.6401
-146.8648,64.6401
-148.1078,65.2109
-146.8648,64.6401
-148.0774,65.1772
-146.8648,64.6401
-146.8648,64.6401
-146.8648,64.6401
-148.1078,65.2109
-148.1078,65.2109
-146.8648,64.6401
-146.8648,64.6401
-149.2479,61.4868
-146.8648,64.6401
-146.8648,64.6401
-146.8648,64.6401
-146.8648,64.6401
-148.1078,65.2109
-146.8648,64.6401
-146.8648,64.6401
-146.8648,64.6401
-146.8648,64.6401
-146.8648,64.6401
-146.8648,64.6401
-146.8648,64.6401
-146.8648,64.6401
-146.8648,64.6401
-146.8648,64.6401
-146.8648,64.6401
-146.8648,64.6401
-146.8648,64.6401
-146.8648,64.6401
-146.8648,64.6401
-146.8648,64.6401
-146.8648,64.6401
-146.8648,64.6401
-146.8648,64.6401
-149.4101,63.1504
-146.8648,64.6401
-149.4656,65.81857
-146.8648,64.6401
-146.8648,64.6401
-149.2479,61.4868
-146.8648,64.6401
-149.2479,61.4868
-145.5381,63.9321
-149.4656,65.81857
-149.4656,65.81857
-145.3575,63.9331
-145.3575,63.9331
-149.4656,65.81857
-147.8546,64.8557
-149.4656,65.81857
-149.4101,63.1504
-149.4656,65.81857
-149.4656,65.81857
-149.2479,61.4868
-149.4656,65.81857
-149.4656,65.81857
-149.4656,65.81857
-149.4656,65.81857
-149.4656,65.81857
-146.8648,64.6401
-149.4656,65.81857
-149.4656,65.81857
-149.2479,61.4868
-149.4656,65.81857
-149.4656,65.81857
-149.4656,65.81857
-149.4656,65.81857
-149.4656,65.81857
-149.4656,65.81857
-149.4656,65.81857
-149.4656,65.81857
-149.4656,65.81857
-149.4656,65.81857
-149.4656,65.81857
-149.4656,65.81857
-149.4656,65.81857
-149.4656,65.81857
-149.4656,65.81857
-149.4656,65.81857
-149.4656,65.81857
-149.4656,65.81857
-149.4656,65.81857
-149.4656,65.81857
-150.6728,66.7106
-149.4656,65.81857
-149.4656,65.81857
-149.4656,65.81857
-149.4656,65.81857
-149.4656,65.81857
-149.4656,65.81857
-149.4656,65.81857
-150.6728,66.7106
-149.4656,65.81857
-150.6728,66.7106
-149.4656,65.81857
-149.4656,65.81857
-149.4656,65.81857
-150.32826,67.0525
-149.4656,65.81857
-150.6728,66.7106
-150.6728,66.7106
-149.4656,65.81857
-149.4656,65.81857
-150.32826,67.0525
-150.6728,66.7106
-150.32826,67.0525
-149.4656,65.81857
-150.6728,66.7106
-149.7271,65.8809
-149.4656,65.81857
-149.4656,65.81857
-150.6728,66.7106
-150.6728,66.7106
-150.6728,66.7106
-150.6728,66.7106
-150.6728,66.7106
-150.6728,66.7106
-150.6728,66.7106
-150.6728,66.7106
-150.6728,66.7106
-150.6728,66.7106
-150.6728,66.7106
-150.6728,66.7106
-150.6728,66.7106
-150.6728,66.7106
-150.6728,66.7106
-150.6728,66.7106
-150.6728,66.7106
-150.6728,66.7106
-150.6728,66.7106
-150.6728,66.7106
-150.6728,66.7106
-150.6728,66.7106
-150.6728,66.7106
-150.6728,66.7106
-149.7271,65.8809
-150.6728,66.7106
-149.7271,65.8809
-150.6728,66.7106
-149.7271,65.8809
-150.6728,66.7106
-149.7271,65.8809
-150.6728,66.7106
-149.7271,65.8809
-149.7271,65.8809
-149.7271,65.8809
-149.7271,65.8809
-149.7271,65.8809
-149.7271,65.8809
-149.7271,65.8809
-149.7271,65.8809
-149.7271,65.8809
-149.7271,65.8809
-149.7271,65.8809
-150.6728,66.7106
-149.7271,65.8809
-149.7271,65.8809
-149.7271,65.8809
-149.7271,65.8809
-149.7271,65.8809
-150.6728,66.7106
-150.6728,66.7106
-145.2288,61.3871
-150.6728,66.7106
-149.7271,65.8809
-150.6728,66.7106
-150.6728,66.7106
-145.2288,61.3871
-149.7271,65.8809
-150.6728,66.7106
-150.6728,66.7106
-150.6728,66.7106
-145.2288,61.3871
-145.2288,61.3871
-150.6728,66.7106
-150.6728,66.7106
-150.6728,66.7106
-145.2288,61.3871
-150.6728,66.7106
-145.2288,61.3871
-149.7271,65.8809
-150.6728,66.7106
-150.6728,66.7106
-150.6728,66.7106
-145.51469,62.52588
-150.6728,66.7106
-145.51469,62.52588
-145.2288,61.3871
-145.2288,61.3871
-145.2288,61.3871
-145.51469,62.52588
-145.51469,62.52588
-145.51469,62.52588
-148.2874,65.3463
-145.2288,61.3871
-145.51469,62.52588
-145.51469,62.52588
-145.51469,62.52588
-145.51469,62.52588
-145.51469,62.52588
-145.51469,62.52588
-145.2288,61.3871
-145.51469,62.52588
-145.3575,63.9331
-145.51469,62.52588
-145.51469,62.52588
-145.51469,62.52588
-145.51469,62.52588
-145.51469,62.52588
-145.51469,62.52588
-145.51469,62.52588
-106.1513,39.7184
-145.51469,62.52588
-149.7271,65.8809
-145.51469,62.52588
-149.7271,65.8809
-148.2874,65.3463
-145.51469,62.52588
-149.7271,65.8809
-145.51469,62.52588
-149.7271,65.8809
-149.7271,65.8809
-148.2874,65.3463
-145.51469,62.52588
-145.51469,62.52588
-149.7271,65.8809
-149.7271,65.8809
-149.7271,65.8809
-149.7271,65.8809
-145.2288,61.3871
-149.7271,65.8809
-149.7271,65.8809
-149.7271,65.8809
-149.7271,65.8809
-105.48759,40.39179
-145.51469,62.52588
-106.9599,38.9186
-149.7271,65.8809
-149.7271,65.8809
-149.7271,65.8809
-105.48759,40.39179
-106.9599,38.9186
-106.9599,38.9186
-106.9599,38.9186
-105.48759,40.39179
-106.9599,38.9186
-107.4761,38.32304
-106.9599,38.9186
-105.48759,40.39179
-149.7271,65.8809
-106.9599,38.9186
-106.9599,38.9186
-106.9599,38.9186
-116.18861,44.98977
-106.9599,38.9186
-149.7271,65.8809
-106.9599,38.9186
-106.9599,38.9186
-106.9599,38.9186
-105.48759,40.39179
-106.9599,38.9186
-106.9599,38.9186
-105.98926,38.83969
-105.98926,38.83969
-106.9599,38.9186
-106.9599,38.9186
-106.9599,38.9186
-105.98926,38.83969
-105.98926,38.83969
-115.47797,41.79013
-106.9599,38.9186
-105.17249,39.37745
-105.98926,38.83969
-105.98926,38.83969
-105.98926,38.83969
-105.98926,38.83969
-106.9599,38.9186
-106.9599,38.9186
-106.9599,38.9186
-105.98926,38.83969
-106.9599,38.9186
-105.98926,38.83969
-105.98926,38.83969
-106.9599,38.9186
-105.98926,38.83969
-111.259,44.7438
-105.98926,38.83969
-113.98406,48.30446
-105.98926,38.83969
-105.98926,38.83969
-105.98926,38.83969
-110.67823,46.85804
-115.01229,48.02376
-113.98406,48.30446
-113.98406,48.30446
-117.57936,45.00649
-111.259,44.7438
-116.70358,48.29945
-111.259,44.7438
-105.5595,39.94036
-113.98406,48.30446
-114.24847,46.06763
-115.44721,40.66422
-111.259,44.7438
-111.259,44.7438
-111.259,44.7438
-113.98406,48.30446
-113.98406,48.30446
-111.26383,44.75118
-111.259,44.7438
-111.259,44.7438
-111.26383,44.75118
-114.52659,46.70816
-110.56695,45.31757
-110.67823,46.85804
-116.27901,48.85286
-105.52771,40.62592
-106.2796,40.9151
-105.37126,40.17098
-108.0026,39.0403
-107.38171,44.39494
-106.6239,40.5735
-106.6239,40.5735
-106.41068,37.03905
-105.147,39.795
